INSERT INTO Departemen (id_departemen, nama_departemen) VALUES
('DEP-001', 'Teknik Elektro'),
('DEP-002', 'Teknik Komputer'),
('DEP-003', 'Teknik Biomedik'),
('DEP-004', 'Teknik Informatika'),
('DEP-005', 'Sistem Informasi'),
('DEP-006', 'Teknologi Informasi'),
('DEP-007', 'Teknik Mesin'),
('DEP-008', 'Teknik Kimia'),
('DEP-009', 'Teknik Fisika'),
('DEP-010', 'Teknik Industri'),
('DEP-011', 'Teknik Material dan Metalurgi'),
('DEP-012', 'Teknik Pangan'),
('DEP-013', 'Teknik Sipil'),
('DEP-014', 'Arsitektur'),
('DEP-015', 'Teknik Lingkungan'),
('DEP-016', 'Perencanaan Wilayah dan Kota'),
('DEP-017', 'Teknik Geomatika'),
('DEP-018', 'Teknik Geofisika'),
('DEP-019', 'Teknik Perkapalan'),
('DEP-020', 'Teknik Sistem Perkapalan'),
('DEP-021', 'Teknik Kelautan'),
('DEP-022', 'Teknik Transportasi Laut'),
('DEP-023', 'Teknik Lepas Pantai'),
('DEP-024', 'Fisika'),
('DEP-025', 'Matematika'),
('DEP-026', 'Statistika'),
('DEP-027', 'Kimia'),
('DEP-028', 'Biologi'),
('DEP-029', 'Sains Aktuaria'),
('DEP-030', 'Sains Data'),
('DEP-031', 'Desain Produk Industri'),
('DEP-032', 'Desain Interior'),
('DEP-033', 'Desain Komunikasi Visual'),
('DEP-034', 'Manajemen Bisnis'),
('DEP-035', 'Studi Pembangunan'),
('DEP-036', 'Teknik Infrastruktur Sipil'),
('DEP-037', 'Teknik Mesin Industri'),
('DEP-038', 'Teknik Elektro Otomasi'),
('DEP-039', 'Teknik Kimia Industri'),
('DEP-040', 'Statistika Bisnis');

INSERT INTO Kantin (id_kantin, nama_kantin, lokasi) VALUES
(1, 'Kantin TC', 'Departemen Teknik Informatika'),
(2, 'Kantin Pusat', 'Tower-1 ITS'),
(3, 'Kantin Mesin', 'Departemen Teknik Mesin'),
(4, 'Kantin Sipil', 'Departemen Teknik Sipil'),
(5, 'Kantin Elektro', 'Departemen Teknik Elektro'),
(6, 'Kantin Arsitektur', 'Departemen Arsitektur'),
(7, 'Kantin FSAD', 'Gedung Fakultas Sains dan Analitika Data'),
(8, 'Kantin Perpustakaan', 'Lantai Dasar Perpusat ITS'),
(9, 'Kantin Asrama Putra', 'Kompleks Asrama Mahasiswa ITS'),
(10, 'Kantin Asrama Putri', 'Kompleks Asrama Mahasiswa ITS'),
(11, 'Kantin Rektorat', 'Gedung Rektorat ITS Lantai 1'),
(12, 'Kantin Vokasi', 'Gedung Fakultas Vokasi ITS'),
(13, 'Kantin Perkapalan', 'Departemen Teknik Perkapalan'),
(14, 'Kantin Kelautan', 'Departemen Teknik Kelautan'),
(15, 'Kantin Industri', 'Departemen Teknik Industri'),
(16, 'Kantin Material', 'Departemen Teknik Material'),
(17, 'Kantin Kimia', 'Departemen Teknik Kimia'),
(18, 'Kantin Fisika', 'Departemen Teknik Fisika'),
(19, 'Kantin Lingkungan', 'Departemen Teknik Lingkungan'),
(20, 'Kantin PWK', 'Departemen Perencanaan Wilayah Kota'),
(21, 'Kantin Geomatika', 'Departemen Teknik Geomatika'),
(22, 'Kantin Manbis', 'Departemen Manajemen Bisnis'),
(23, 'Kantin Sistem Informasi', 'Departemen Sistem Informasi'),
(24, 'Kantin Teknik Biomedik', 'Departemen Teknik Biomedik'),
(25, 'Kantin Matematika', 'Departemen Matematika'),
(26, 'Kantin Statistika', 'Departemen Statistika'),
(27, 'Kantin Biologi', 'Departemen Biologi'),
(28, 'Kantin DKV', 'Gedung Desain Komunikasi Visual'),
(29, 'Kantin Desain Produk', 'Departemen Desain Produk'),
(30, 'Kantin Interior', 'Departemen Desain Interior'),
(31, 'Pujasera Bundaran ITS', 'Area Bundaran Utama ITS'),
(32, 'Food Court Fasum', 'Area Fasilitas Umum ITS'),
(33, 'Kantin Pascasarjana', 'Gedung Pascasarjana ITS'),
(34, 'Kantin SAC', 'Student Advisory Center ITS'),
(35, 'Kantin Robotika', 'Pusat Robotika ITS'),
(36, 'Kantin KPRI', 'Koperasi Karyawan ITS'),
(37, 'Kantin Research Center', 'Gedung Riset Center ITS'),
(38, 'Kantin SCC', 'Student Community Center ITS'),
(39, 'Kantin MMI', 'Area Masjid Manarul Ilmi ITS'),
(40, 'Kantin Medis / PLK', 'Pusat Layanan Kesehatan ITS');

INSERT INTO Pelanggan (id_pelanggan, nama, no_hp, email, password, id_departemen) VALUES
('CUST-001', 'Bella Ramadhan', '08523445264', 'bella.ramadhan@its.ac.id', 'bella123', 'DEP-024'),
('CUST-002', 'Eko Setiawan', '08129560434', 'eko.setiawan@its.ac.id', 'eko123', 'DEP-034'),
('CUST-003', 'Nisa Putri', '08579642769', 'nisa.putri@its.ac.id', 'nisa123', 'DEP-039'),
('CUST-004', 'Maya Wardana', '08138651841', 'maya.wardana@its.ac.id', 'maya123', 'DEP-036'),
('CUST-005', 'Bima Hidayat', '08129440956', 'bima.hidayat@its.ac.id', 'bima123', 'DEP-023'),
('CUST-006', 'Ayu Wahyuni', '08213725170', 'ayu.wahyuni@its.ac.id', 'ayu123', 'DEP-029'),
('CUST-007', 'Rudi Susanto', '08122190300', 'rudi.susanto@its.ac.id', 'rudi123', 'DEP-008'),
('CUST-008', 'Farhan Santoso', '08216248361', 'farhan.santoso@its.ac.id', 'farhan123', 'DEP-005'),
('CUST-009', 'Andi Siregar', '08968912848', 'andi.siregar@its.ac.id', 'andi123', 'DEP-010'),
('CUST-010', 'Dina Utami', '08128188115', 'dina.utami@its.ac.id', 'dina123', 'DEP-031'),
('CUST-011', 'Agus Ardiansyah', '08138576450', 'agus.ardiansyah@its.ac.id', 'agus123', 'DEP-035'),
('CUST-012', 'Yudi Baskoro', '08217646041', 'yudi.baskoro@its.ac.id', 'yudi123', 'DEP-030'),
('CUST-013', 'Fajar Riyadi', '08121172647', 'fajar.riyadi@its.ac.id', 'fajar123', 'DEP-032'),
('CUST-014', 'Aditya Pramono', '08139250725', 'aditya.pramono@its.ac.id', 'aditya123', 'DEP-016'),
('CUST-015', 'Bima Hakim', '08963126716', 'bima.hakim@its.ac.id', 'bima123', 'DEP-005'),
('CUST-016', 'Dewi Nasution', '08575099472', 'dewi.nasution@its.ac.id', 'dewi123', 'DEP-038'),
('CUST-017', 'Dian Siregar', '08132626332', 'dian.siregar@its.ac.id', 'dian123', 'DEP-019'),
('CUST-018', 'Dewi Setiawan', '08133694018', 'dewi.setiawan@its.ac.id', 'dewi123', 'DEP-025'),
('CUST-019', 'Reza Rahmawati', '08135509794', 'reza.rahmawati@its.ac.id', 'reza123', 'DEP-018'),
('CUST-020', 'Nisa Mahendra', '08966108035', 'nisa.mahendra@its.ac.id', 'nisa123', 'DEP-029'),
('CUST-021', 'Nur Indrawan', '08139006577', 'nur.indrawan@its.ac.id', 'nur123', 'DEP-018'),
('CUST-022', 'Wira Fajri', '08571648650', 'wira.fajri@its.ac.id', 'wira123', 'DEP-009'),
('CUST-023', 'Dimas Utami', '08216201734', 'dimas.utami@its.ac.id', 'dimas123', 'DEP-007'),
('CUST-024', 'Doni Fajri', '08525992493', 'doni.fajri@its.ac.id', 'doni123', 'DEP-002'),
('CUST-025', 'Nur Pramono', '08576864107', 'nur.pramono@its.ac.id', 'nur123', 'DEP-029'),
('CUST-026', 'Nita Wibowo', '08122317182', 'nita.wibowo@its.ac.id', 'nita123', 'DEP-018'),
('CUST-027', 'Eka Permana', '08211945225', 'eka.permana@its.ac.id', 'eka123', 'DEP-020'),
('CUST-028', 'Ayu Baskoro', '08216523891', 'ayu.baskoro@its.ac.id', 'ayu123', 'DEP-033'),
('CUST-029', 'Wira Nasution', '08123522245', 'wira.nasution@its.ac.id', 'wira123', 'DEP-039'),
('CUST-030', 'Dwi Haryanto', '08577121377', 'dwi.haryanto@its.ac.id', 'dwi123', 'DEP-010'),
('CUST-031', 'Irfan Haryanto', '08964545095', 'irfan.haryanto@its.ac.id', 'irfan123', 'DEP-006'),
('CUST-032', 'Aris Suryono', '08577770828', 'aris.suryono@its.ac.id', 'aris123', 'DEP-008'),
('CUST-033', 'Irfan Wijaya', '08132993217', 'irfan.wijaya@its.ac.id', 'irfan123', 'DEP-013'),
('CUST-034', 'Yudi Wardana', '08128186102', 'yudi.wardana@its.ac.id', 'yudi123', 'DEP-016'),
('CUST-035', 'Wira Siregar', '08135121406', 'wira.siregar@its.ac.id', 'wira123', 'DEP-002'),
('CUST-036', 'Arief Purnama', '08212670057', 'arief.purnama@its.ac.id', 'arief123', 'DEP-028'),
('CUST-037', 'Rini Gunawan', '08522652034', 'rini.gunawan@its.ac.id', 'rini123', 'DEP-008'),
('CUST-038', 'Eka Saputra', '08125939777', 'eka.saputra@its.ac.id', 'eka123', 'DEP-007'),
('CUST-039', 'Anisa Setiawan', '08571424498', 'anisa.setiawan@its.ac.id', 'anisa123', 'DEP-020'),
('CUST-040', 'Ayu Hidayat', '08577162799', 'ayu.hidayat@its.ac.id', 'ayu123', 'DEP-039');

INSERT INTO Toko (id_toko, nama, waktu_buka, waktu_tutup, is_open, email, password, id_kantin) VALUES
(1, 'Kantin Bu Nunun', '08:30:00', '21:00:00', FALSE, 'kantinbununun@gmail.com', 'passkantinbunu123', 21),
(2, 'Warung Soto Cak Di', '07:00:00', '16:00:00', TRUE, 'warungsotocakdi@gmail.com', 'passwarungsoto123', 8),
(3, 'Penyetan Mas Bro', '07:30:00', '18:00:00', TRUE, 'penyetanmasbro@gmail.com', 'passpenyetanma123', 16),
(4, 'Geprek Sakti', '07:00:00', '17:00:00', TRUE, 'gepreksakti@gmail.com', 'passgepreksakt123', 21),
(5, 'Kedai Kopi Hits', '08:30:00', '21:00:00', TRUE, 'kedaikopihits@gmail.com', 'passkedaikopih123', 25),
(6, 'Warung Nasi Campur Bu Darmi', '08:00:00', '20:00:00', TRUE, 'warungnasicampurbuda@gmail.com', 'passwarungnasi123', 36),
(7, 'Bakso Solo Pak Kumis', '07:30:00', '21:00:00', TRUE, 'baksosolopakkumis@gmail.com', 'passbaksosolop123', 29),
(8, 'Mie Ayam Jakarta Berkah', '09:00:00', '18:00:00', TRUE, 'mieayamjakartaberkah@gmail.com', 'passmieayamjak123', 22),
(9, 'Kantin Kejujuran', '07:30:00', '16:00:00', TRUE, 'kantinkejujuran@gmail.com', 'passkantinkeju123', 17),
(10, 'Angkringan Mahasiswa', '08:30:00', '20:00:00', TRUE, 'angkringanmahasiswa@gmail.com', 'passangkringan123', 17),
(11, 'Warteg Bahari Segar', '07:30:00', '16:00:00', FALSE, 'wartegbaharisegar@gmail.com', 'passwartegbaha123', 40),
(12, 'Nasi Goreng Gila KW', '07:00:00', '18:00:00', TRUE, 'nasigorenggilakw@gmail.com', 'passnasigoreng123', 21),
(13, 'Depot Ayam Bakar Pak Joko', '08:30:00', '21:00:00', TRUE, 'depotayambakarpakjok@gmail.com', 'passdepotayamb123', 20),
(14, 'Kedai Jus Segar Fresh', '07:30:00', '18:00:00', FALSE, 'kedaijussegarfresh@gmail.com', 'passkedaijusse123', 1),
(15, 'Sate Madura Cak Rus', '08:30:00', '17:00:00', FALSE, 'satemaduracakrus@gmail.com', 'passsatemadura123', 24),
(16, 'Stand Camilan Kampus', '08:00:00', '17:00:00', TRUE, 'standcamilankampus@gmail.com', 'passstandcamil123', 29),
(17, 'Warung Bu Sri', '08:00:00', '18:00:00', TRUE, 'warungbusri@gmail.com', 'passwarungbusr123', 39),
(18, 'Pecel Madiun Bu Totok', '08:00:00', '17:00:00', TRUE, 'pecelmadiunbutotok@gmail.com', 'passpecelmadiu123', 6),
(19, 'Gado-Gado Bu Tari', '08:00:00', '20:00:00', TRUE, 'gadogadobutari@gmail.com', 'passgadogadobu123', 25),
(20, 'Kebab Baba Ali', '07:30:00', '20:00:00', TRUE, 'kebabbabaali@gmail.com', 'passkebabbabaa123', 5),
(21, 'Warung Kita All in One', '07:30:00', '16:00:00', FALSE, 'warungkitaallinone@gmail.com', 'passwarungkita123', 29),
(22, 'Soto Ayam Lamongan Asli', '08:30:00', '17:00:00', TRUE, 'sotoayamlamonganasli@gmail.com', 'passsotoayamla123', 27),
(23, 'Stand Makanan Sehat', '07:00:00', '20:00:00', TRUE, 'standmakanansehat@gmail.com', 'passstandmakan123', 7),
(24, 'Kedai Es Teh Solo', '07:30:00', '17:00:00', FALSE, 'kedaiestehsolo@gmail.com', 'passkedaiesteh123', 36),
(25, 'Ayam Geprek Pemuda', '07:00:00', '21:00:00', FALSE, 'ayamgeprekpemuda@gmail.com', 'passayamgeprek123', 4),
(26, 'Warkop Berkah Mulia', '07:30:00', '16:00:00', FALSE, 'warkopberkahmulia@gmail.com', 'passwarkopberk123', 18),
(27, 'Nasi Padang Murah Sakato', '08:30:00', '18:00:00', TRUE, 'nasipadangmurahsakat@gmail.com', 'passnasipadang123', 20),
(28, 'Bento Mahasiswa', '07:00:00', '20:00:00', TRUE, 'bentomahasiswa@gmail.com', 'passbentomahas123', 32),
(29, 'Bubur Ayam Bandung Kang Dani', '08:30:00', '18:00:00', FALSE, 'buburayambandungkang@gmail.com', 'passbuburayamb123', 6),
(30, 'Lontong Balap Cak Ji', '08:00:00', '18:00:00', TRUE, 'lontongbalapcakji@gmail.com', 'passlontongbal123', 10),
(31, 'Warung Makan Mbak Ani', '08:00:00', '16:00:00', FALSE, 'warungmakanmbakani@gmail.com', 'passwarungmaka123', 36),
(32, 'Penyetan Sambal Korek', '07:30:00', '17:00:00', TRUE, 'penyetansambalkorek@gmail.com', 'passpenyetansa123', 28),
(33, 'Kedai Ramen Murah', '07:00:00', '16:00:00', TRUE, 'kedairamenmurah@gmail.com', 'passkedairamen123', 34),
(34, 'Nasi Krawu Buk Tiban', '08:00:00', '18:00:00', TRUE, 'nasikrawubuktiban@gmail.com', 'passnasikrawub123', 20),
(35, 'Dapur Mama Sayang', '08:00:00', '16:00:00', FALSE, 'dapurmamasayang@gmail.com', 'passdapurmamas123', 36),
(36, 'Warung Makan Barokah', '07:30:00', '17:00:00', TRUE, 'warungmakanbarokah@gmail.com', 'passwarungmaka123', 27),
(37, 'Kedai Kopi Susu Mantap', '07:30:00', '18:00:00', TRUE, 'kedaikopisusumantap@gmail.com', 'passkedaikopis123', 15),
(38, 'Stand Batagor Bandung', '07:00:00', '17:00:00', TRUE, 'standbatagorbandung@gmail.com', 'passstandbatag123', 38),
(39, 'Siomay Khas Pasundan', '07:30:00', '16:00:00', TRUE, 'siomaykhaspasundan@gmail.com', 'passsiomaykhas123', 8),
(40, 'Warung Pecel Lele Cak Mat', '08:30:00', '18:00:00', TRUE, 'warungpecellelecakma@gmail.com', 'passwarungpece123', 34);

INSERT INTO Menu (id_menu, nama_menu, harga, stok, id_toko) VALUES
('M-001', 'Es Jeruk Nipis', 6000.00, 47, 1),
('M-002', 'Nasi Sayur Lodeh', 10000.00, 42, 1),
('M-003', 'Nasi Rames Daging', 18000.00, 18, 1),
('M-004', 'Soto Daging', 22000.00, 45, 2),
('M-005', 'Soto Ayam Campur', 15000.00, 23, 2),
('M-006', 'Es Jeruk Manis', 5000.00, 39, 2),
('M-007', 'Lele Goreng + Nasi', 16000.00, 33, 3),
('M-008', 'Es Teh Jumbo', 4000.00, 39, 3),
('M-009', 'Ayam Penyet + Nasi', 18000.00, 38, 3),
('M-010', 'Jamur Crispy', 8000.00, 49, 4),
('M-011', 'Ayam Geprek Level 1-5', 16000.00, 17, 4),
('M-012', 'Es Kosong', 2000.00, 33, 4),
('M-013', 'Mie Rebus Telur Kornet', 14000.00, 49, 5),
('M-014', 'Kopi Susu Gula Aren', 15000.00, 26, 5),
('M-015', 'Americano Ice', 12000.00, 43, 5),
('M-016', 'Pisang Goreng', 3000.00, 45, 6),
('M-017', 'Nasi Rames Ayam', 15000.00, 53, 6),
('M-018', 'Bakso Urat Campur', 16000.00, 39, 7),
('M-019', 'Kerupuk Putih', 2000.00, 31, 7),
('M-020', 'Bakso Beranak', 25000.00, 58, 8),
('M-021', 'Mie Ayam Pangsit', 14000.00, 58, 8),
('M-022', 'Nasi Rames Ayam', 15000.00, 46, 9),
('M-023', 'Nasi Sayur Lodeh', 10000.00, 15, 9),
('M-024', 'Nasi Rames Daging', 18000.00, 60, 10),
('M-025', 'Nasi Sayur Lodeh', 10000.00, 50, 10),
('M-026', 'Nasi Sayur Lodeh', 10000.00, 18, 11),
('M-027', 'Nasi Rames Ayam', 15000.00, 16, 11),
('M-028', 'Nasi Goreng Mawut', 17000.00, 59, 12),
('M-029', 'Telur Ceplok Dadar', 4000.00, 32, 12),
('M-030', 'Es Jeruk Nipis', 6000.00, 50, 13),
('M-031', 'Pisang Goreng', 3000.00, 59, 13),
('M-032', 'Es Teh Kampul', 5000.00, 44, 14),
('M-033', 'Es Lemon Tea', 6000.00, 24, 14),
('M-034', 'Jus Mangga Manis', 10000.00, 30, 14),
('M-035', 'Sate Ayam (10 Tusuk) + Nasi', 25000.00, 28, 15),
('M-036', 'Sate Kambing (10 Tusuk)', 35000.00, 20, 15),
('M-037', 'Nasi Rames Ayam', 15000.00, 37, 16),
('M-038', 'Nasi Rames Daging', 18000.00, 52, 16),
('M-039', 'Es Jeruk Nipis', 6000.00, 49, 16),
('M-040', 'Es Jeruk Nipis', 6000.00, 49, 17),
('M-041', 'Nasi Sayur Lodeh', 10000.00, 30, 17),
('M-042', 'Nasi Rames Daging', 18000.00, 18, 17),
('M-043', 'Telur Asin', 5000.00, 25, 18),
('M-044', 'Nasi Pecel Pincuk', 12000.00, 33, 18),
('M-045', 'Gado-Gado Lontong', 15000.00, 43, 18),
('M-046', 'Gado-Gado Lontong', 15000.00, 53, 19),
('M-047', 'Telur Asin', 5000.00, 55, 19),
('M-048', 'Nasi Pecel Pincuk', 12000.00, 23, 19),
('M-049', 'Kebab Daging Sapi', 18000.00, 41, 20),
('M-050', 'Kebab Ayam', 15000.00, 58, 20),
('M-051', 'Burger Crispy', 14000.00, 38, 20),
('M-052', 'Es Jeruk Nipis', 6000.00, 26, 21),
('M-053', 'Nasi Sayur Lodeh', 10000.00, 16, 21),
('M-054', 'Nasi Rames Daging', 18000.00, 24, 21),
('M-055', 'Soto Daging', 22000.00, 49, 22),
('M-056', 'Es Jeruk Manis', 5000.00, 18, 22),
('M-057', 'Soto Ayam Campur', 15000.00, 57, 22),
('M-058', 'Nasi Rames Daging', 18000.00, 56, 23),
('M-059', 'Nasi Rames Ayam', 15000.00, 55, 23),
('M-060', 'Es Jeruk Nipis', 6000.00, 30, 23),
('M-061', 'Es Lemon Tea', 6000.00, 28, 24),
('M-062', 'Es Teh Kampul', 5000.00, 34, 24),
('M-063', 'Ayam Geprek Level 1-5', 16000.00, 15, 25),
('M-064', 'Jamur Crispy', 8000.00, 48, 25),
('M-065', 'Ayam Geprek Keju', 20000.00, 34, 25),
('M-066', 'Roti Bakar Coklat Keju', 12000.00, 46, 26),
('M-067', 'Americano Ice', 12000.00, 48, 26),
('M-068', 'Nasi Telur Dadar', 13000.00, 44, 27),
('M-069', 'Nasi Ayam Sayur', 18000.00, 37, 27),
('M-070', 'Perkedel Kentang', 4000.00, 52, 27),
('M-071', 'Ramen Kuah Pedas', 22000.00, 33, 28),
('M-072', 'Chicken Katsu Curry', 25000.00, 16, 28),
('M-073', 'Ocha Dingin', 5000.00, 18, 28),
('M-074', 'Nasi Sayur Lodeh', 10000.00, 59, 29),
('M-075', 'Nasi Rames Daging', 18000.00, 53, 29),
('M-076', 'Nasi Rames Ayam', 15000.00, 50, 29),
('M-077', 'Pisang Goreng', 3000.00, 19, 30),
('M-078', 'Nasi Rames Ayam', 15000.00, 54, 30),
('M-079', 'Es Jeruk Nipis', 6000.00, 47, 31),
('M-080', 'Nasi Rames Ayam', 15000.00, 60, 31),
('M-081', 'Es Teh Jumbo', 4000.00, 32, 32),
('M-082', 'Ayam Penyet + Nasi', 18000.00, 42, 32),
('M-083', 'Tahu Tempe Penyet', 10000.00, 30, 32),
('M-084', 'Ebi Furai Bento', 28000.00, 25, 33),
('M-085', 'Ocha Dingin', 5000.00, 46, 33),
('M-086', 'Chicken Katsu Curry', 25000.00, 27, 33),
('M-087', 'Nasi Rames Ayam', 15000.00, 28, 34),
('M-088', 'Es Jeruk Nipis', 6000.00, 19, 34),
('M-089', 'Nasi Sayur Lodeh', 10000.00, 46, 35),
('M-090', 'Nasi Rames Ayam', 15000.00, 49, 35),
('M-091', 'Nasi Rames Daging', 18000.00, 25, 35),
('M-092', 'Nasi Rames Ayam', 15000.00, 49, 36),
('M-093', 'Nasi Sayur Lodeh', 10000.00, 59, 36),
('M-094', 'Americano Ice', 12000.00, 23, 37),
('M-095', 'Kopi Susu Gula Aren', 15000.00, 55, 37),
('M-096', 'Mie Rebus Telur Kornet', 14000.00, 39, 37),
('M-097', 'Tahu Bakso', 12000.00, 17, 38),
('M-098', 'Siomay Campur Bumbu Kacang', 15000.00, 33, 38),
('M-099', 'Batagor Kering', 15000.00, 54, 38),
('M-100', 'Batagor Kering', 15000.00, 58, 39),
('M-101', 'Siomay Campur Bumbu Kacang', 15000.00, 31, 39),
('M-102', 'Tahu Bakso', 12000.00, 36, 39),
('M-103', 'Lele Goreng + Nasi', 16000.00, 25, 40),
('M-104', 'Ayam Penyet + Nasi', 18000.00, 20, 40),
('M-105', 'Es Teh Jumbo', 4000.00, 30, 40);

INSERT INTO Pesanan (id_pesanan, total_bayar, catatan, waktu_pesan, status_pesanan, metode_pembayaran, status_pembayaran, id_pelanggan, id_toko) VALUES
(1, 42000.00, '', '2026-06-08 13:02:00', 'Selesai', 'Tunai', 'Lunas', 'CUST-006', 3),
(2, 16000.00, 'Es nya dikit aja', '2026-06-10 16:41:00', 'Selesai', 'E-Wallet ShopeePay', 'Lunas', 'CUST-015', 25),
(3, 12000.00, 'Pedes banget ya', '2026-06-13 13:14:00', 'Selesai', 'QRIS', 'Lunas', 'CUST-031', 16),
(4, 54000.00, '', '2026-06-13 15:43:00', 'Selesai', 'Transfer', 'Lunas', 'CUST-034', 10),
(5, 54000.00, 'Jangan pakai bawang', '2026-06-11 14:06:00', 'Selesai', 'E-Wallet GoPay', 'Lunas', 'CUST-034', 39),
(6, 54000.00, '', '2026-06-12 11:55:00', 'Selesai', 'E-Wallet ShopeePay', 'Lunas', 'CUST-022', 20),
(7, 30000.00, 'Jangan pakai bawang', '2026-06-10 14:27:00', 'Selesai', 'Tunai', 'Lunas', 'CUST-037', 3),
(8, 54000.00, 'Dibungkus aja', '2026-06-13 18:04:00', 'Selesai', 'Tunai', 'Lunas', 'CUST-025', 28),
(9, 30000.00, 'Pedes banget ya', '2026-06-12 12:44:00', 'Selesai', 'Tunai', 'Lunas', 'CUST-007', 15),
(10, 63000.00, 'Makan sini', '2026-06-13 14:03:00', 'Selesai', 'Tunai', 'Lunas', 'CUST-040', 27),
(11, 84000.00, '', '2026-06-11 11:16:00', 'Selesai', 'E-Wallet GoPay', 'Lunas', 'CUST-028', 19),
(12, 70000.00, '', '2026-06-13 18:04:00', 'Diproses', 'Tunai', 'Belum Lunas', 'CUST-001', 08),
(13, 54000.00, 'Es nya dikit aja', '2026-06-13 13:56:00', 'Selesai', 'E-Wallet ShopeePay', 'Lunas', 'CUST-030', 39),
(14, 80000.00, 'Kuahnya dipisah', '2026-06-08 10:37:00', 'Selesai', 'QRIS', 'Lunas', 'CUST-029', 24),
(15, 68000.00, '', '2026-06-12 09:14:00', 'Diproses', 'Tunai', 'Lunas', 'CUST-021', 40),
(16, 18000.00, 'Dibungkus aja', '2026-06-08 16:39:00', 'Selesai', 'Tunai', 'Lunas', 'CUST-014', 11),
(17, 76000.00, 'Makan sini', '2026-06-08 09:12:00', 'Diproses', 'E-Wallet GoPay', 'Lunas', 'CUST-010', 30),
(18, 59000.00, 'Jangan pakai bawang', '2026-06-12 09:39:00', 'Batal', 'E-Wallet GoPay', 'Dibatalkan', 'CUST-025', 18),
(19, 20000.00, 'Kuahnya dipisah', '2026-06-09 08:45:00', 'Batal', 'QRIS', 'Dibatalkan', 'CUST-004', 38),
(20, 20000.00, '', '2026-06-12 11:11:00', 'Batal', 'E-Wallet GoPay', 'Dibatalkan', 'CUST-037', 22),
(21, 20000.00, '', '2026-06-13 15:42:00', 'Selesai', 'QRIS', 'Lunas', 'CUST-026', 3),
(22, 22000.00, '', '2026-06-12 12:26:00', 'Selesai', 'Tunai', 'Lunas', 'CUST-028', 1),
(23, 36000.00, '', '2026-06-11 13:25:00', 'Diproses', 'E-Wallet ShopeePay', 'Lunas', 'CUST-022', 8),
(24, 54000.00, 'Jangan pakai bawang', '2026-06-11 17:33:00', 'Selesai', 'Tunai', 'Lunas', 'CUST-016', 12),
(25, 15000.00, 'Gak pakai pedas', '2026-06-12 18:35:00', 'Selesai', 'QRIS', 'Lunas', 'CUST-015', 18),
(26, 63000.00, '', '2026-06-12 10:33:00', 'Diproses', 'Transfer', 'Lunas', 'CUST-035', 23),
(27, 30000.00, 'Kuahnya dipisah', '2026-06-11 08:55:00', 'Diproses', 'E-Wallet ShopeePay', 'Lunas', 'CUST-020', 32),
(28, 50000.00, '', '2026-06-10 18:23:00', 'Diproses', 'E-Wallet ShopeePay', 'Lunas', 'CUST-020', 28),
(29, 63000.00, 'Es nya dikit aja', '2026-06-11 12:09:00', 'Diproses', 'Tunai', 'Lunas', 'CUST-016', 37),
(30, 67000.00, '', '2026-06-13 16:37:00', 'Selesai', 'QRIS', 'Lunas', 'CUST-016', 8),
(31, 8000.00, '', '2026-06-08 14:55:00', 'Diproses', 'QRIS', 'Lunas', 'CUST-016', 7),
(32, 50000.00, '', '2026-06-09 10:56:00', 'Diproses', 'QRIS', 'Lunas', 'CUST-035', 2),
(33, 15000.00, 'Kuahnya dipisah', '2026-06-10 13:06:00', 'Batal', 'Transfer', 'Dibatalkan', 'CUST-025', 25),
(34, 24000.00, '', '2026-06-10 12:36:00', 'Diproses', 'Tunai', 'Belum Lunas', 'CUST-021', 24),
(35, 34000.00, 'Pedes banget ya', '2026-06-10 10:00:00', 'Selesai', 'Tunai', 'Lunas', 'CUST-019', 23),
(36, 32000.00, 'Kuahnya dipisah', '2026-06-13 14:36:00', 'Batal', 'Tunai', 'Dibatalkan', 'CUST-040', 31),
(37, 16000.00, 'Dibungkus aja', '2026-06-13 15:51:00', 'Batal', 'Transfer', 'Dibatalkan', 'CUST-038', 25),
(38, 66000.00, 'Gak pakai pedas', '2026-06-10 17:12:00', 'Diproses', 'Tunai', 'Belum Lunas', 'CUST-037', 21),
(39, 45000.00, 'Kuahnya dipisah', '2026-06-10 09:15:00', 'Diproses', 'E-Wallet GoPay', 'Lunas', 'CUST-003', 36),
(40, 36000.00, 'Jangan pakai bawang', '2026-06-08 10:01:00', 'Selesai', 'QRIS', 'Lunas', 'CUST-031', 9),
(41, 108000.00, '', '2026-06-13 18:54:00', 'Batal', 'Tunai', 'Dibatalkan', 'CUST-015', 38),
(42, 39000.00, '', '2026-06-09 14:56:00', 'Diproses', 'QRIS', 'Lunas', 'CUST-034', 8),
(43, 27000.00, 'Es nya dikit aja', '2026-06-11 12:33:00', 'Diproses', 'Tunai', 'Belum Lunas', 'CUST-022', 33),
(44, 15000.00, 'Dibungkus aja', '2026-06-12 18:17:00', 'Diproses', 'QRIS', 'Lunas', 'CUST-020', 9),
(45, 48000.00, 'Gak pakai pedas', '2026-06-09 17:44:00', 'Diproses', 'Tunai', 'Belum Lunas', 'CUST-009', 7),
(46, 101000.00, 'Gak pakai pedas', '2026-06-08 15:09:00', 'Batal', 'QRIS', 'Dibatalkan', 'CUST-033', 28),
(47, 64000.00, '', '2026-06-12 09:47:00', 'Selesai', 'QRIS', 'Lunas', 'CUST-003', 10),
(48, 63000.00, 'Kuahnya dipisah', '2026-06-08 12:57:00', 'Diproses', 'Tunai', 'Belum Lunas', 'CUST-018', 35),
(49, 45000.00, 'Jangan pakai bawang', '2026-06-11 09:55:00', 'Selesai', 'Tunai', 'Lunas', 'CUST-025', 14),
(50, 36000.00, 'Jangan pakai bawang', '2026-06-08 08:23:00', 'Diproses', 'Tunai', 'Belum Lunas', 'CUST-040', 15),
(51, 3000.00, '', '2026-06-11 15:20:00', 'Selesai', 'Transfer', 'Lunas', 'CUST-034', 11),
(52, 30000.00, 'Makan sini', '2026-06-11 18:19:00', 'Diproses', 'Tunai', 'Belum Lunas', 'CUST-025', 6),
(53, 56000.00, '', '2026-06-11 13:13:00', 'Diproses', 'E-Wallet GoPay', 'Lunas', 'CUST-011', 9),
(54, 72000.00, '', '2026-06-08 11:09:00', 'Selesai', 'E-Wallet ShopeePay', 'Lunas', 'CUST-039', 3),
(55, 48000.00, '', '2026-06-09 16:37:00', 'Batal', 'E-Wallet GoPay', 'Dibatalkan', 'CUST-008', 5),
(56, 48000.00, 'Gak pakai pedas', '2026-06-11 15:45:00', 'Selesai', 'QRIS', 'Lunas', 'CUST-017', 2),
(57, 4000.00, '', '2026-06-08 15:05:00', 'Selesai', 'Transfer', 'Lunas', 'CUST-002', 10),
(58, 74000.00, '', '2026-06-08 10:11:00', 'Diproses', 'Transfer', 'Lunas', 'CUST-007', 36),
(59, 79000.00, 'Pedes banget ya', '2026-06-09 10:17:00', 'Selesai', 'E-Wallet GoPay', 'Lunas', 'CUST-006', 21),
(60, 58000.00, 'Gak pakai pedas', '2026-06-08 13:06:00', 'Selesai', 'E-Wallet ShopeePay', 'Lunas', 'CUST-005', 40),
(61, 33000.00, 'Makan sini', '2026-06-12 15:25:00', 'Selesai', 'Tunai', 'Lunas', 'CUST-037', 36),
(62, 48000.00, '', '2026-06-12 17:40:00', 'Selesai', 'Transfer', 'Lunas', 'CUST-033', 30),
(63, 81000.00, '', '2026-06-13 08:41:00', 'Batal', 'Transfer', 'Dibatalkan', 'CUST-012', 19),
(64, 58000.00, 'Pedes banget ya', '2026-06-13 14:19:00', 'Diproses', 'QRIS', 'Lunas', 'CUST-027', 23),
(65, 38000.00, 'Jangan pakai bawang', '2026-06-13 17:51:00', 'Selesai', 'Tunai', 'Lunas', 'CUST-039', 16),
(66, 48000.00, 'Pedes banget ya', '2026-06-09 13:47:00', 'Selesai', 'E-Wallet ShopeePay', 'Lunas', 'CUST-021', 35),
(67, 37000.00, 'Jangan pakai bawang', '2026-06-12 08:18:00', 'Diproses', 'Tunai', 'Lunas', 'CUST-010', 40),
(68, 10000.00, 'Jangan pakai bawang', '2026-06-08 10:24:00', 'Selesai', 'E-Wallet ShopeePay', 'Lunas', 'CUST-028', 06),
(69, 35000.00, 'Gak pakai pedas', '2026-06-12 16:41:00', 'Selesai', 'Tunai', 'Lunas', 'CUST-029', 35),
(70, 45000.00, 'Dibungkus aja', '2026-06-12 13:27:00', 'Selesai', 'Transfer', 'Lunas', 'CUST-034', 6),
(71, 27000.00, '', '2026-06-10 17:20:00', 'Diproses', 'QRIS', 'Lunas', 'CUST-033', 7),
(72, 3000.00, '', '2026-06-13 13:23:00', 'Selesai', 'QRIS', 'Lunas', 'CUST-026', 11),
(73, 35000.00, 'Pedes banget ya', '2026-06-08 13:12:00', 'Selesai', 'QRIS', 'Lunas', 'CUST-023', 21),
(74, 22000.00, 'Gak pakai pedas', '2026-06-12 12:31:00', 'Selesai', 'Tunai', 'Lunas', 'CUST-040', 16),
(75, 45000.00, '', '2026-06-11 09:47:00', 'Diproses', 'E-Wallet ShopeePay', 'Lunas', 'CUST-019', 4),
(76, 70000.00, 'Es nya dikit aja', '2026-06-08 12:15:00', 'Diproses', 'Tunai', 'Belum Lunas', 'CUST-036', 39),
(77, 45000.00, 'Dibungkus aja', '2026-06-13 10:04:00', 'Diproses', 'E-Wallet ShopeePay', 'Lunas', 'CUST-003', 21),
(78, 30000.00, 'Makan sini', '2026-06-10 11:55:00', 'Diproses', 'E-Wallet GoPay', 'Lunas', 'CUST-003', 35),
(79, 96000.00, 'Jangan pakai bawang', '2026-06-08 08:09:00', 'Batal', 'E-Wallet ShopeePay', 'Dibatalkan', 'CUST-005', 13),
(80, 57000.00, 'Gak pakai pedas', '2026-06-12 17:03:00', 'Diproses', 'E-Wallet ShopeePay', 'Lunas', 'CUST-022', 33),
(81, 96000.00, 'Dibungkus aja', '2026-06-13 12:57:00', 'Selesai', 'Tunai', 'Lunas', 'CUST-014', 39),
(82, 69000.00, '', '2026-06-13 10:35:00', 'Selesai', 'Transfer', 'Lunas', 'CUST-017', 24),
(83, 96000.00, '', '2026-06-11 16:57:00', 'Selesai', 'E-Wallet GoPay', 'Lunas', 'CUST-034', 7),
(84, 84000.00, '', '2026-06-10 14:19:00', 'Selesai', 'QRIS', 'Lunas', 'CUST-028', 3),
(85, 29000.00, '', '2026-06-11 13:45:00', 'Selesai', 'Tunai', 'Lunas', 'CUST-018', 27),
(86, 106000.00, 'Pedes banget ya', '2026-06-08 08:35:00', 'Diproses', 'QRIS', 'Lunas', 'CUST-016', 7),
(87, 72000.00, 'Es nya dikit aja', '2026-06-13 11:17:00', 'Diproses', 'Tunai', 'Lunas', 'CUST-004', 26),
(88, 36000.00, 'Kuahnya dipisah', '2026-06-10 18:13:00', 'Batal', 'E-Wallet GoPay', 'Dibatalkan', 'CUST-016', 3),
(89, 62000.00, 'Gak pakai pedas', '2026-06-10 17:20:00', 'Selesai', 'Tunai', 'Lunas', 'CUST-038', 5),
(90, 54000.00, 'Es nya dikit aja', '2026-06-12 18:13:00', 'Selesai', 'QRIS', 'Lunas', 'CUST-035', 6),
(91, 54000.00, 'Dibungkus aja', '2026-06-13 10:59:00', 'Diproses', 'Tunai', 'Lunas', 'CUST-013', 32),
(92, 101000.00, 'Es nya dikit aja', '2026-06-11 16:48:00', 'Diproses', 'QRIS', 'Lunas', 'CUST-034', 1),
(93, 76000.00, 'Es nya dikit aja', '2026-06-13 15:38:00', 'Selesai', 'QRIS', 'Lunas', 'CUST-025', 17),
(94, 40000.00, 'Gak pakai pedas', '2026-06-10 11:18:00', 'Batal', 'QRIS', 'Dibatalkan', 'CUST-038', 24),
(95, 8000.00, '', '2026-06-11 08:42:00', 'Batal', 'QRIS', 'Dibatalkan', 'CUST-032', 31),
(96, 45000.00, 'Kuahnya dipisah', '2026-06-09 17:21:00', 'Diproses', 'Tunai', 'Belum Lunas', 'CUST-026', 33),
(97, 55000.00, 'Kuahnya dipisah', '2026-06-08 09:41:00', 'Selesai', 'E-Wallet GoPay', 'Lunas', 'CUST-014', 33),
(98, 38000.00, 'Es nya dikit aja', '2026-06-11 10:24:00', 'Selesai', 'E-Wallet ShopeePay', 'Lunas', 'CUST-009', 22),
(99, 35000.00, 'Gak pakai pedas', '2026-06-12 09:11:00', 'Selesai', 'Tunai', 'Lunas', 'CUST-012', 36),
(100, 54000.00, 'Dibungkus aja', '2026-06-10 11:02:00', 'Selesai', 'E-Wallet ShopeePay', 'Lunas', 'CUST-006', 26);

INSERT INTO Pesanan_Menu (id_pesanan, id_menu, quantity, sub_total) VALUES
(1, 'M-048', 1, 12000.00),
(1, 'M-046', 2, 30000.00),
(2, 'M-103', 1, 16000.00),
(3, 'M-044', 1, 12000.00),
(4, 'M-024', 3, 54000.00),
(5, 'M-003', 3, 54000.00),
(6, 'M-024', 3, 54000.00),
(7, 'M-095', 2, 30000.00),
(8, 'M-003', 2, 36000.00),
(8, 'M-001', 3, 18000.00),
(9, 'M-037', 2, 30000.00),
(10, 'M-037', 3, 45000.00),
(10, 'M-039', 3, 18000.00),
(11, 'M-102', 2, 24000.00),
(11, 'M-101', 2, 30000.00),
(11, 'M-100', 2, 30000.00),
(12, 'M-036', 2, 70000.00),
(13, 'M-075', 3, 54000.00),
(14, 'M-096', 1, 14000.00),
(14, 'M-095', 2, 30000.00),
(14, 'M-094', 3, 36000.00),
(15, 'M-049', 3, 54000.00),
(15, 'M-051', 1, 14000.00),
(16, 'M-083', 1, 10000.00),
(16, 'M-081', 2, 8000.00),
(17, 'M-063', 3, 48000.00),
(17, 'M-064', 1, 8000.00),
(17, 'M-065', 1, 20000.00),
(18, 'M-029', 2, 8000.00),
(18, 'M-028', 3, 51000.00),
(19, 'M-093', 2, 20000.00),
(20, 'M-034', 2, 20000.00),
(21, 'M-025', 2, 20000.00),
(22, 'M-083', 1, 10000.00),
(22, 'M-081', 3, 12000.00),
(23, 'M-060', 1, 6000.00),
(23, 'M-059', 2, 30000.00),
(24, 'M-060', 3, 18000.00),
(24, 'M-058', 2, 36000.00),
(25, 'M-030', 1, 6000.00),
(25, 'M-031', 3, 9000.00),
(26, 'M-079', 3, 18000.00),
(26, 'M-080', 3, 45000.00),
(27, 'M-053', 3, 30000.00),
(28, 'M-094', 3, 36000.00),
(28, 'M-096', 1, 14000.00),
(29, 'M-060', 3, 18000.00),
(29, 'M-059', 3, 45000.00),
(30, 'M-020', 1, 25000.00),
(30, 'M-021', 3, 42000.00),
(31, 'M-081', 2, 8000.00),
(32, 'M-007', 2, 32000.00),
(32, 'M-009', 1, 18000.00),
(33, 'M-092', 1, 15000.00),
(34, 'M-067', 1, 12000.00),
(34, 'M-066', 1, 12000.00),
(35, 'M-028', 2, 34000.00),
(36, 'M-063', 2, 32000.00),
(37, 'M-041', 1, 10000.00),
(37, 'M-040', 1, 6000.00),
(38, 'M-089', 3, 30000.00),
(38, 'M-091', 2, 36000.00),
(39, 'M-046', 3, 45000.00),
(40, 'M-067', 3, 36000.00),
(41, 'M-049', 2, 36000.00),
(41, 'M-050', 2, 30000.00),
(41, 'M-051', 3, 42000.00),
(42, 'M-048', 2, 24000.00),
(42, 'M-046', 1, 15000.00),
(43, 'M-059', 1, 15000.00),
(43, 'M-060', 2, 12000.00),
(44, 'M-099', 1, 15000.00),
(45, 'M-091', 1, 18000.00),
(45, 'M-090', 2, 30000.00),
(46, 'M-072', 1, 25000.00),
(46, 'M-071', 3, 66000.00),
(46, 'M-073', 2, 10000.00),
(47, 'M-021', 1, 14000.00),
(47, 'M-020', 2, 50000.00),
(48, 'M-089', 3, 30000.00),
(48, 'M-090', 1, 15000.00),
(48, 'M-091', 1, 18000.00),
(49, 'M-027', 3, 45000.00),
(50, 'M-077', 2, 6000.00),
(50, 'M-078', 2, 30000.00),
(51, 'M-077', 1, 3000.00),
(52, 'M-057', 2, 30000.00),
(53, 'M-025', 2, 20000.00),
(53, 'M-024', 2, 36000.00),
(54, 'M-038', 3, 54000.00),
(54, 'M-039', 3, 18000.00),
(55, 'M-079', 3, 18000.00),
(55, 'M-080', 2, 30000.00),
(56, 'M-017', 3, 45000.00),
(56, 'M-016', 1, 3000.00),
(57, 'M-019', 2, 4000.00),
(58, 'M-075', 3, 54000.00),
(58, 'M-074', 2, 20000.00),
(59, 'M-074', 1, 10000.00),
(59, 'M-075', 3, 54000.00),
(59, 'M-076', 1, 15000.00),
(60, 'M-011', 3, 48000.00),
(60, 'M-010', 1, 8000.00),
(60, 'M-012', 1, 2000.00),
(61, 'M-033', 3, 18000.00),
(61, 'M-034', 1, 10000.00),
(61, 'M-032', 1, 5000.00),
(62, 'M-067', 1, 12000.00),
(62, 'M-066', 3, 36000.00),
(63, 'M-076', 3, 45000.00),
(63, 'M-075', 2, 36000.00),
(64, 'M-081', 1, 4000.00),
(64, 'M-082', 3, 54000.00),
(65, 'M-029', 1, 4000.00),
(65, 'M-028', 2, 34000.00),
(66, 'M-001', 2, 12000.00),
(66, 'M-003', 2, 36000.00),
(67, 'M-034', 2, 20000.00),
(67, 'M-033', 2, 12000.00),
(67, 'M-032', 1, 5000.00),
(68, 'M-089', 1, 10000.00),
(69, 'M-027', 1, 15000.00),
(69, 'M-026', 2, 20000.00),
(70, 'M-100', 3, 45000.00),
(71, 'M-095', 1, 15000.00),
(71, 'M-094', 1, 12000.00),
(72, 'M-031', 1, 3000.00),
(73, 'M-034', 3, 30000.00),
(73, 'M-032', 1, 5000.00),
(74, 'M-055', 1, 22000.00),
(75, 'M-078', 3, 45000.00),
(76, 'M-036', 2, 70000.00),
(77, 'M-045', 3, 45000.00),
(78, 'M-041', 3, 30000.00),
(79, 'M-100', 1, 15000.00),
(79, 'M-102', 3, 36000.00),
(79, 'M-101', 3, 45000.00),
(80, 'M-048', 1, 12000.00),
(80, 'M-046', 2, 30000.00),
(80, 'M-047', 3, 15000.00),
(81, 'M-102', 3, 36000.00),
(81, 'M-101', 2, 30000.00),
(81, 'M-100', 2, 30000.00),
(82, 'M-069', 1, 18000.00),
(82, 'M-070', 3, 12000.00),
(82, 'M-068', 3, 39000.00),
(83, 'M-005', 2, 30000.00),
(83, 'M-004', 3, 66000.00),
(84, 'M-024', 3, 54000.00),
(84, 'M-025', 3, 30000.00),
(85, 'M-029', 3, 12000.00),
(85, 'M-028', 1, 17000.00),
(86, 'M-055', 3, 66000.00),
(86, 'M-056', 2, 10000.00),
(86, 'M-057', 2, 30000.00),
(87, 'M-006', 1, 5000.00),
(87, 'M-005', 3, 45000.00),
(87, 'M-004', 1, 22000.00),
(88, 'M-066', 3, 36000.00),
(89, 'M-072', 1, 25000.00),
(89, 'M-071', 1, 22000.00),
(89, 'M-073', 3, 15000.00),
(90, 'M-014', 2, 30000.00),
(90, 'M-015', 2, 24000.00),
(91, 'M-003', 2, 36000.00),
(91, 'M-001', 3, 18000.00),
(92, 'M-089', 2, 20000.00),
(92, 'M-090', 3, 45000.00),
(92, 'M-091', 2, 36000.00),
(93, 'M-001', 2, 12000.00),
(93, 'M-003', 3, 54000.00),
(93, 'M-002', 1, 10000.00),
(94, 'M-063', 1, 16000.00),
(94, 'M-064', 3, 24000.00),
(95, 'M-029', 2, 8000.00),
(96, 'M-080', 3, 45000.00),
(97, 'M-057', 3, 45000.00),
(97, 'M-056', 2, 10000.00),
(98, 'M-054', 1, 18000.00),
(98, 'M-053', 2, 20000.00),
(99, 'M-034', 3, 30000.00),
(99, 'M-032', 1, 5000.00),
(100, 'M-073', 2, 10000.00),
(100, 'M-071', 2, 44000.00);


INSERT INTO Menu (id_menu, nama_menu, harga, stok, id_toko) VALUES
('M-106', 'Nasi Goreng Spesial',    18000.00, 40, 1),
('M-107', 'Teh Manis Panas',         3000.00, 60, 1),
('M-108', 'Soto Kikil Spesial',     25000.00, 30, 2),
('M-109', 'Tempe Penyet + Nasi',    13000.00, 45, 3),
('M-110', 'Es Jeruk Peras',          6000.00, 50, 3),
('M-111', 'Geprek Mozarella',        22000.00, 25, 4),
('M-112', 'Es Matcha Latte',         18000.00, 35, 5),
('M-113', 'Croissant Butter',        12000.00, 20, 5),
('M-114', 'Nasi Campur Komplit',     20000.00, 40, 6),
('M-115', 'Bakso Gepeng Urat',       20000.00, 30, 7),
('M-116', 'Pangsit Goreng',           8000.00, 45, 8),
('M-117', 'Tahu Goreng Crispy',       5000.00, 50, 9),
('M-118', 'Nasi Kucing Ayam Suwir',   5000.00, 60, 10),
('M-119', 'Wedang Jahe Susu',         8000.00, 40, 10),
('M-120', 'Nasi Goreng Kambing',     20000.00, 30, 12),
('M-121', 'Ayam Bakar Kecap',        25000.00, 35, 13),
('M-122', 'Es Teh Tarik',             7000.00, 50, 13),
('M-123', 'Cireng Bumbu Rujak',       8000.00, 55, 16),
('M-124', 'Nasi Rames Komplit',      18000.00, 40, 17),
('M-125', 'Pecel Lele + Nasi',       15000.00, 35, 18),
('M-126', 'Ketoprak Jakarta',        13000.00, 30, 19),
('M-127', 'Kebab Jumbo XXL',         25000.00, 20, 20),
('M-128', 'Soto Lamongan Spesial',   20000.00, 30, 22),
('M-129', 'Salad Buah Madu',         15000.00, 25, 23),
('M-130', 'Jus Alpukat Susu',        15000.00, 30, 23),
('M-131', 'Rendang Daging',          28000.00, 20, 27),
('M-132', 'Ayam Pop Padang',         20000.00, 30, 27),
('M-133', 'Salmon Teriyaki Bento',   35000.00, 15, 28),
('M-134', 'Lontong Balap Spesial',   15000.00, 35, 30),
('M-135', 'Bebek Penyet Sambal Korek', 22000.00, 25, 32),
('M-136', 'Ramen Tonkotsu',          28000.00, 20, 33),
('M-137', 'Gyoza Goreng',            12000.00, 30, 33),
('M-138', 'Nasi Krawu Spesial',      20000.00, 30, 34),
('M-139', 'Ikan Goreng + Nasi',      18000.00, 35, 36),
('M-140', 'Kopi Aren Cold Brew',     20000.00, 25, 37),
('M-141', 'Pempek Kapal Selam',      18000.00, 20, 38),
('M-142', 'Siomay Bandung Spesial',  18000.00, 25, 39),
('M-143', 'Pecel Lele Jumbo',        18000.00, 30, 40),
('M-144', 'Es Jeruk Peras Dingin',    7000.00, 45, 40),
('M-145', 'Sayur Asem Segar',        10000.00, 40, 6),
('M-146', 'Perkedel Jagung',          5000.00, 35, 2),
('M-147', 'Sandwich Tuna Mayo',      15000.00, 20, 5),
('M-148', 'Mie Baso Goreng',         16000.00, 30, 7),
('M-149', 'Sate Usus Goreng',         8000.00, 40, 10),
('M-150', 'Ikan Bakar Bumbu Bali',   28000.00, 20, 13);


INSERT INTO Pesanan (id_pesanan, total_bayar, catatan, waktu_pesan, status_pesanan, metode_pembayaran, status_pembayaran, id_pelanggan, id_toko) VALUES
(101, 36000.00, '',                    '2026-06-08 08:15:00', 'Selesai',  'Tunai',              'Lunas',       'CUST-001', 2),
(102, 24000.00, 'Gak pakai bawang',   '2026-06-08 09:00:00', 'Selesai',  'QRIS',               'Lunas',       'CUST-002', 5),
(103, 45000.00, '',                    '2026-06-08 09:30:00', 'Selesai',  'E-Wallet GoPay',     'Lunas',       'CUST-003', 7),
(104, 18000.00, 'Pedas ya',            '2026-06-08 10:00:00', 'Selesai',  'Transfer',           'Lunas',       'CUST-004', 9),
(105, 54000.00, '',                    '2026-06-08 10:20:00', 'Selesai',  'QRIS',               'Lunas',       'CUST-005', 10),
(106, 30000.00, 'Kuahnya dipisah',    '2026-06-08 10:45:00', 'Selesai',  'Tunai',              'Lunas',       'CUST-006', 13),
(107, 22000.00, '',                    '2026-06-08 11:00:00', 'Selesai',  'E-Wallet ShopeePay', 'Lunas',       'CUST-007', 22),
(108, 40000.00, '',                    '2026-06-08 11:30:00', 'Selesai',  'QRIS',               'Lunas',       'CUST-008', 28),
(109, 15000.00, 'Dibungkus aja',      '2026-06-08 12:00:00', 'Selesai',  'Tunai',              'Lunas',       'CUST-009', 36),
(110, 33000.00, '',                    '2026-06-08 12:30:00', 'Selesai',  'E-Wallet GoPay',     'Lunas',       'CUST-010', 3),
(111, 47000.00, 'Tanpa sambal',       '2026-06-08 13:00:00', 'Diproses', 'QRIS',               'Lunas',       'CUST-011', 20),
(112, 20000.00, '',                    '2026-06-08 13:15:00', 'Selesai',  'Tunai',              'Lunas',       'CUST-012', 32),
(113, 35000.00, '',                    '2026-06-08 14:00:00', 'Selesai',  'Transfer',           'Lunas',       'CUST-013', 39),
(114, 28000.00, 'Nasi lebih dikit',   '2026-06-08 14:30:00', 'Selesai',  'QRIS',               'Lunas',       'CUST-014', 27),
(115, 50000.00, '',                    '2026-06-08 15:00:00', 'Batal',    'Tunai',              'Dibatalkan',  'CUST-015', 33),
(116, 16000.00, '',                    '2026-06-08 15:20:00', 'Selesai',  'E-Wallet ShopeePay', 'Lunas',       'CUST-016', 17),
(117, 38000.00, 'Tanpa bawang goreng','2026-06-08 15:45:00', 'Selesai',  'Tunai',              'Lunas',       'CUST-017', 4),
(118, 25000.00, '',                    '2026-06-08 16:00:00', 'Selesai',  'QRIS',               'Lunas',       'CUST-018', 8),
(119, 60000.00, '',                    '2026-06-08 16:30:00', 'Diproses', 'E-Wallet GoPay',     'Lunas',       'CUST-019', 28),
(120, 18000.00, 'Pedes level 2',      '2026-06-08 17:00:00', 'Selesai',  'Tunai',              'Lunas',       'CUST-020', 4),
(121, 42000.00, '',                    '2026-06-09 08:00:00', 'Selesai',  'QRIS',               'Lunas',       'CUST-021', 2),
(122, 27000.00, '',                    '2026-06-09 08:30:00', 'Selesai',  'Tunai',              'Lunas',       'CUST-022', 7),
(123, 55000.00, 'Makan sini',         '2026-06-09 09:00:00', 'Selesai',  'E-Wallet ShopeePay', 'Lunas',       'CUST-023', 33),
(124, 18000.00, '',                    '2026-06-09 09:30:00', 'Batal',    'Transfer',           'Dibatalkan',  'CUST-024', 13),
(125, 36000.00, '',                    '2026-06-09 10:00:00', 'Selesai',  'QRIS',               'Lunas',       'CUST-025', 3),
(126, 20000.00, 'Tanpa es',           '2026-06-09 10:30:00', 'Selesai',  'Tunai',              'Lunas',       'CUST-026', 5),
(127, 48000.00, '',                    '2026-06-09 11:00:00', 'Selesai',  'E-Wallet GoPay',     'Lunas',       'CUST-027', 20),
(128, 32000.00, '',                    '2026-06-09 11:30:00', 'Selesai',  'QRIS',               'Lunas',       'CUST-028', 37),
(129, 15000.00, '',                    '2026-06-09 12:00:00', 'Selesai',  'Tunai',              'Lunas',       'CUST-029', 36),
(130, 66000.00, 'Extra porsi',        '2026-06-09 12:30:00', 'Selesai',  'E-Wallet ShopeePay', 'Lunas',       'CUST-030', 7),
(131, 22000.00, '',                    '2026-06-09 13:00:00', 'Selesai',  'QRIS',               'Lunas',       'CUST-031', 22),
(132, 40000.00, 'Kuah dipisah',       '2026-06-09 13:30:00', 'Diproses', 'Tunai',              'Belum Lunas', 'CUST-032', 2),
(133, 28000.00, '',                    '2026-06-09 14:00:00', 'Selesai',  'Transfer',           'Lunas',       'CUST-033', 27),
(134, 50000.00, '',                    '2026-06-09 14:30:00', 'Selesai',  'QRIS',               'Lunas',       'CUST-034', 28),
(135, 17000.00, '',                    '2026-06-09 15:00:00', 'Selesai',  'Tunai',              'Lunas',       'CUST-035', 12),
(136, 35000.00, 'Pedas banget',       '2026-06-09 15:30:00', 'Selesai',  'E-Wallet GoPay',     'Lunas',       'CUST-036', 4),
(137, 20000.00, '',                    '2026-06-09 16:00:00', 'Batal',    'QRIS',               'Dibatalkan',  'CUST-037', 19),
(138, 45000.00, 'Dibungkus aja',      '2026-06-09 16:30:00', 'Selesai',  'E-Wallet ShopeePay', 'Lunas',       'CUST-038', 13),
(139, 30000.00, '',                    '2026-06-09 17:00:00', 'Selesai',  'Tunai',              'Lunas',       'CUST-039', 30),
(140, 55000.00, '',                    '2026-06-09 17:30:00', 'Selesai',  'QRIS',               'Lunas',       'CUST-040', 33),
(141, 25000.00, '',                    '2026-06-10 08:00:00', 'Selesai',  'Tunai',              'Lunas',       'CUST-001', 8),
(142, 48000.00, 'Tanpa kecap',        '2026-06-10 08:30:00', 'Selesai',  'E-Wallet GoPay',     'Lunas',       'CUST-002', 3),
(143, 20000.00, '',                    '2026-06-10 09:00:00', 'Selesai',  'QRIS',               'Lunas',       'CUST-003', 10),
(144, 36000.00, '',                    '2026-06-10 09:30:00', 'Selesai',  'Transfer',           'Lunas',       'CUST-004', 22),
(145, 28000.00, 'Nasi lebih banyak',  '2026-06-10 10:00:00', 'Selesai',  'Tunai',              'Lunas',       'CUST-005', 27),
(146, 15000.00, '',                    '2026-06-10 10:30:00', 'Diproses', 'QRIS',               'Lunas',       'CUST-006', 36),
(147, 54000.00, '',                    '2026-06-10 11:00:00', 'Selesai',  'E-Wallet ShopeePay', 'Lunas',       'CUST-007', 7),
(148, 22000.00, '',                    '2026-06-10 11:30:00', 'Selesai',  'Tunai',              'Lunas',       'CUST-008', 2),
(149, 40000.00, 'Pedas sedang',       '2026-06-10 12:00:00', 'Selesai',  'QRIS',               'Lunas',       'CUST-009', 32),
(150, 18000.00, '',                    '2026-06-10 12:30:00', 'Batal',    'E-Wallet GoPay',     'Dibatalkan',  'CUST-010', 15),
(151, 60000.00, '',                    '2026-06-10 13:00:00', 'Selesai',  'Transfer',           'Lunas',       'CUST-011', 28),
(152, 33000.00, 'Kuahnya dipisah',    '2026-06-10 13:30:00', 'Selesai',  'Tunai',              'Lunas',       'CUST-012', 7),
(153, 16000.00, '',                    '2026-06-10 14:00:00', 'Selesai',  'QRIS',               'Lunas',       'CUST-013', 17),
(154, 44000.00, '',                    '2026-06-10 14:30:00', 'Selesai',  'E-Wallet ShopeePay', 'Lunas',       'CUST-014', 20),
(155, 25000.00, 'Tanpa sambal',       '2026-06-10 15:00:00', 'Selesai',  'Tunai',              'Lunas',       'CUST-015', 13),
(156, 38000.00, '',                    '2026-06-10 15:30:00', 'Diproses', 'QRIS',               'Lunas',       'CUST-016', 3),
(157, 20000.00, '',                    '2026-06-10 16:00:00', 'Selesai',  'E-Wallet GoPay',     'Lunas',       'CUST-017', 9),
(158, 55000.00, '',                    '2026-06-10 16:30:00', 'Selesai',  'Tunai',              'Lunas',       'CUST-018', 33),
(159, 18000.00, 'Gak pakai pedas',    '2026-06-10 17:00:00', 'Selesai',  'QRIS',               'Lunas',       'CUST-019', 6),
(160, 42000.00, '',                    '2026-06-10 17:30:00', 'Selesai',  'E-Wallet ShopeePay', 'Lunas',       'CUST-020', 40),
(161, 28000.00, '',                    '2026-06-11 08:00:00', 'Selesai',  'Tunai',              'Lunas',       'CUST-021', 5),
(162, 50000.00, '',                    '2026-06-11 08:30:00', 'Selesai',  'QRIS',               'Lunas',       'CUST-022', 28),
(163, 15000.00, 'Extra sambal',       '2026-06-11 09:00:00', 'Selesai',  'Tunai',              'Lunas',       'CUST-023', 23),
(164, 36000.00, '',                    '2026-06-11 09:30:00', 'Selesai',  'E-Wallet GoPay',     'Lunas',       'CUST-024', 3),
(165, 22000.00, '',                    '2026-06-11 10:00:00', 'Selesai',  'Transfer',           'Lunas',       'CUST-025', 22),
(166, 48000.00, 'Dibungkus aja',      '2026-06-11 10:30:00', 'Selesai',  'QRIS',               'Lunas',       'CUST-026', 7),
(167, 30000.00, '',                    '2026-06-11 11:00:00', 'Selesai',  'E-Wallet ShopeePay', 'Lunas',       'CUST-027', 36),
(168, 20000.00, '',                    '2026-06-11 11:30:00', 'Batal',    'Tunai',              'Dibatalkan',  'CUST-028', 18),
(169, 45000.00, '',                    '2026-06-11 12:00:00', 'Selesai',  'QRIS',               'Lunas',       'CUST-029', 33),
(170, 18000.00, 'Nasi sedikit',       '2026-06-11 12:30:00', 'Selesai',  'Tunai',              'Lunas',       'CUST-030', 6),
(171, 55000.00, '',                    '2026-06-11 13:00:00', 'Selesai',  'E-Wallet GoPay',     'Lunas',       'CUST-031', 2),
(172, 28000.00, '',                    '2026-06-11 13:30:00', 'Selesai',  'Transfer',           'Lunas',       'CUST-032', 27),
(173, 40000.00, 'Makan di sini',      '2026-06-11 14:00:00', 'Selesai',  'QRIS',               'Lunas',       'CUST-033', 20),
(174, 16000.00, '',                    '2026-06-11 14:30:00', 'Selesai',  'Tunai',              'Lunas',       'CUST-034', 17),
(175, 60000.00, '',                    '2026-06-11 15:00:00', 'Diproses', 'E-Wallet ShopeePay', 'Lunas',       'CUST-035', 13),
(176, 25000.00, '',                    '2026-06-11 15:30:00', 'Selesai',  'QRIS',               'Lunas',       'CUST-036', 8),
(177, 35000.00, 'Kuah dipisah',       '2026-06-11 16:00:00', 'Selesai',  'Tunai',              'Lunas',       'CUST-037', 7),
(178, 22000.00, '',                    '2026-06-11 16:30:00', 'Selesai',  'E-Wallet GoPay',     'Lunas',       'CUST-038', 37),
(179, 48000.00, '',                    '2026-06-11 17:00:00', 'Selesai',  'QRIS',               'Lunas',       'CUST-039', 3),
(180, 30000.00, 'Gak pakai bawang',   '2026-06-11 17:30:00', 'Selesai',  'Tunai',              'Lunas',       'CUST-040', 32),
(181, 44000.00, '',                    '2026-06-12 08:00:00', 'Selesai',  'QRIS',               'Lunas',       'CUST-001', 7),
(182, 18000.00, '',                    '2026-06-12 08:30:00', 'Selesai',  'Tunai',              'Lunas',       'CUST-002', 40),
(183, 55000.00, 'Extra pedas',        '2026-06-12 09:00:00', 'Selesai',  'E-Wallet ShopeePay', 'Lunas',       'CUST-003', 28),
(184, 20000.00, '',                    '2026-06-12 09:30:00', 'Batal',    'Transfer',           'Dibatalkan',  'CUST-004', 33),
(185, 36000.00, '',                    '2026-06-12 10:00:00', 'Selesai',  'QRIS',               'Lunas',       'CUST-005', 2),
(186, 28000.00, 'Tanpa telor',        '2026-06-12 10:30:00', 'Selesai',  'Tunai',              'Lunas',       'CUST-006', 6),
(187, 50000.00, '',                    '2026-06-12 11:00:00', 'Selesai',  'E-Wallet GoPay',     'Lunas',       'CUST-007', 20),
(188, 22000.00, '',                    '2026-06-12 11:30:00', 'Selesai',  'QRIS',               'Lunas',       'CUST-008', 22),
(189, 38000.00, 'Dibungkus',          '2026-06-12 12:00:00', 'Selesai',  'E-Wallet ShopeePay', 'Lunas',       'CUST-009', 32),
(190, 16000.00, '',                    '2026-06-12 12:30:00', 'Selesai',  'Tunai',              'Lunas',       'CUST-010', 4),
(191, 60000.00, '',                    '2026-06-12 13:00:00', 'Selesai',  'QRIS',               'Lunas',       'CUST-011', 33),
(192, 25000.00, 'Kuah banyak',        '2026-06-12 13:30:00', 'Selesai',  'Tunai',              'Lunas',       'CUST-012', 7),
(193, 40000.00, '',                    '2026-06-12 14:00:00', 'Diproses', 'Transfer',           'Lunas',       'CUST-013', 28),
(194, 18000.00, '',                    '2026-06-12 14:30:00', 'Selesai',  'QRIS',               'Lunas',       'CUST-014', 9),
(195, 33000.00, 'Makan sini',         '2026-06-12 15:00:00', 'Selesai',  'E-Wallet GoPay',     'Lunas',       'CUST-015', 3),
(196, 48000.00, '',                    '2026-06-12 15:30:00', 'Selesai',  'Tunai',              'Lunas',       'CUST-016', 13),
(197, 20000.00, '',                    '2026-06-12 16:00:00', 'Selesai',  'QRIS',               'Lunas',       'CUST-017', 23),
(198, 55000.00, 'Gak pakai pedas',    '2026-06-12 16:30:00', 'Selesai',  'E-Wallet ShopeePay', 'Lunas',       'CUST-018', 37),
(199, 28000.00, '',                    '2026-06-12 17:00:00', 'Batal',    'Tunai',              'Dibatalkan',  'CUST-019', 19),
(200, 42000.00, '',                    '2026-06-13 08:00:00', 'Selesai',  'QRIS',               'Lunas',       'CUST-020', 2);


INSERT INTO Pesanan_Menu (id_pesanan, id_menu, quantity, sub_total) VALUES
(101, 'M-004', 1, 22000.00),
(101, 'M-006', 1,  5000.00),
(101, 'M-146', 2,  9000.00),

(102, 'M-014', 1, 15000.00),
(102, 'M-015', 1, 12000.00),

(103, 'M-018', 2, 32000.00),
(103, 'M-115', 1, 20000.00),
(104, 'M-022', 1, 15000.00),
(104, 'M-117', 1,  5000.00),

(105, 'M-024', 2, 36000.00),
(105, 'M-118', 2, 10000.00),

(106, 'M-121', 1, 25000.00),
(106, 'M-122', 1,  7000.00),

(107, 'M-055', 1, 22000.00),

(108, 'M-071', 1, 22000.00),
(108, 'M-073', 2, 10000.00),
(108, 'M-133', 0, 0.00),

(109, 'M-092', 1, 15000.00),

(110, 'M-009', 1, 18000.00),
(110, 'M-109', 1, 13000.00),

(111, 'M-049', 1, 18000.00),
(111, 'M-050', 1, 15000.00),
(111, 'M-127', 1, 25000.00),

(112, 'M-082', 1, 18000.00),
(112, 'M-135', 1, 22000.00),

(113, 'M-100', 1, 15000.00),
(113, 'M-142', 2, 36000.00),

(114, 'M-068', 1, 13000.00),
(114, 'M-131', 1, 28000.00),

(115, 'M-084', 1, 28000.00),
(115, 'M-136', 1, 28000.00),

(116, 'M-041', 1, 10000.00),
(116, 'M-124', 1, 18000.00),

(117, 'M-011', 1, 16000.00),
(117, 'M-111', 1, 22000.00),

(118, 'M-020', 1, 25000.00),
(118, 'M-116', 1,  8000.00),

(119, 'M-072', 1, 25000.00),
(119, 'M-133', 1, 35000.00),

(120, 'M-011', 1, 16000.00),
(120, 'M-111', 0, 0.00),

(121, 'M-004', 1, 22000.00),
(121, 'M-108', 1, 25000.00),

(122, 'M-018', 1, 16000.00),
(122, 'M-019', 1,  2000.00),
(122, 'M-148', 1, 16000.00),

(123, 'M-086', 1, 25000.00),
(123, 'M-136', 1, 28000.00),
(123, 'M-137', 1, 12000.00),

(124, 'M-121', 1, 25000.00),

(125, 'M-007', 1, 16000.00),
(125, 'M-009', 1, 18000.00),

(126, 'M-015', 1, 12000.00),
(126, 'M-112', 0, 0.00),
(126, 'M-113', 1, 12000.00),

(127, 'M-049', 1, 18000.00),
(127, 'M-050', 2, 30000.00),

(128, 'M-094', 1, 12000.00),
(128, 'M-095', 1, 15000.00),
(128, 'M-140', 1, 20000.00),

(129, 'M-092', 1, 15000.00),

(130, 'M-018', 2, 32000.00),
(130, 'M-115', 1, 20000.00),
(130, 'M-148', 1, 16000.00),

(131, 'M-055', 1, 22000.00),

(132, 'M-004', 1, 22000.00),
(132, 'M-005', 1, 15000.00),

(133, 'M-131', 1, 28000.00),

(134, 'M-071', 1, 22000.00),
(134, 'M-072', 1, 25000.00),

(135, 'M-028', 1, 17000.00),

(136, 'M-011', 1, 16000.00),
(136, 'M-111', 1, 22000.00),

(137, 'M-046', 1, 15000.00),
(137, 'M-126', 1, 13000.00),

(138, 'M-121', 1, 25000.00),
(138, 'M-150', 1, 28000.00),

(139, 'M-077', 2,  6000.00),
(139, 'M-134', 2, 30000.00),

(140, 'M-084', 1, 28000.00),
(140, 'M-085', 1,  5000.00),
(140, 'M-086', 1, 25000.00),

(141, 'M-020', 1, 25000.00),

(142, 'M-007', 1, 16000.00),
(142, 'M-009', 2, 36000.00),

(143, 'M-025', 2, 20000.00),

(144, 'M-055', 1, 22000.00),
(144, 'M-057', 1, 15000.00),

(145, 'M-068', 1, 13000.00),
(145, 'M-132', 1, 20000.00),

(146, 'M-093', 1, 10000.00),
(146, 'M-139', 0, 0.00),

(147, 'M-018', 1, 16000.00),
(147, 'M-115', 2, 40000.00),

(148, 'M-004', 1, 22000.00),

(149, 'M-082', 1, 18000.00),
(149, 'M-083', 1, 10000.00),
(149, 'M-135', 1, 22000.00),

(150, 'M-035', 1, 25000.00),

(151, 'M-071', 1, 22000.00),
(151, 'M-133', 1, 35000.00),

(152, 'M-018', 1, 16000.00),
(152, 'M-019', 1,  2000.00),
(152, 'M-115', 1, 20000.00),

(153, 'M-041', 1, 10000.00),
(153, 'M-124', 0, 0.00),

(154, 'M-049', 1, 18000.00),
(154, 'M-050', 2, 30000.00),

(155, 'M-121', 1, 25000.00),

(156, 'M-007', 1, 16000.00),
(156, 'M-109', 2, 26000.00),

(157, 'M-022', 1, 15000.00),
(157, 'M-117', 1,  5000.00),

(158, 'M-084', 1, 28000.00),
(158, 'M-086', 1, 25000.00),
(158, 'M-137', 1, 12000.00),

(159, 'M-017', 1, 15000.00),
(159, 'M-114', 0, 0.00),

(160, 'M-103', 1, 16000.00),
(160, 'M-143', 2, 36000.00),

(161, 'M-013', 1, 14000.00),
(161, 'M-147', 1, 15000.00),

(162, 'M-072', 2, 50000.00),

(163, 'M-060', 1,  6000.00),
(163, 'M-129', 1, 15000.00),

(164, 'M-007', 1, 16000.00),
(164, 'M-009', 1, 18000.00),

(165, 'M-055', 1, 22000.00),

(166, 'M-018', 1, 16000.00),
(166, 'M-115', 1, 20000.00),
(166, 'M-148', 1, 16000.00),

(167, 'M-092', 2, 30000.00),

(168, 'M-044', 1, 12000.00),
(168, 'M-125', 1, 15000.00),

(169, 'M-084', 1, 28000.00),
(169, 'M-085', 1,  5000.00),
(169, 'M-086', 1, 25000.00),

(170, 'M-017', 1, 15000.00),
(170, 'M-145', 0, 0.00),

(171, 'M-004', 1, 22000.00),
(171, 'M-005', 1, 15000.00),
(171, 'M-108', 1, 25000.00),

(172, 'M-131', 1, 28000.00),

(173, 'M-049', 1, 18000.00),
(173, 'M-050', 1, 15000.00),
(173, 'M-127', 1, 25000.00),

(174, 'M-124', 1, 18000.00),

(175, 'M-121', 1, 25000.00),
(175, 'M-150', 1, 28000.00),
(175, 'M-122', 1,  7000.00),

(176, 'M-020', 1, 25000.00),

(177, 'M-018', 1, 16000.00),
(177, 'M-115', 1, 20000.00),

(178, 'M-094', 1, 12000.00),
(178, 'M-095', 1, 15000.00),

(179, 'M-007', 2, 32000.00),
(179, 'M-110', 2, 12000.00),

(180, 'M-081', 2,  8000.00),
(180, 'M-082', 1, 18000.00),
(180, 'M-083', 0, 0.00),

(181, 'M-018', 1, 16000.00),
(181, 'M-115', 1, 20000.00),
(181, 'M-019', 2,  4000.00),

(182, 'M-103', 1, 16000.00),
(182, 'M-144', 1,  7000.00),

(183, 'M-071', 1, 22000.00),
(183, 'M-133', 1, 35000.00),

(184, 'M-136', 1, 28000.00),

(185, 'M-005', 1, 15000.00),
(185, 'M-146', 1,  5000.00),
(185, 'M-006', 1,  5000.00),

(186, 'M-017', 1, 15000.00),
(186, 'M-114', 1, 20000.00),

(187, 'M-049', 1, 18000.00),
(187, 'M-050', 2, 30000.00),

(188, 'M-055', 1, 22000.00),

(189, 'M-082', 1, 18000.00),
(189, 'M-135', 1, 22000.00),

(190, 'M-011', 1, 16000.00),

(191, 'M-084', 1, 28000.00),
(191, 'M-085', 2, 10000.00),
(191, 'M-086', 1, 25000.00),

(192, 'M-018', 1, 16000.00),
(192, 'M-019', 1,  2000.00),

(193, 'M-072', 1, 25000.00),
(193, 'M-073', 1,  5000.00),
(193, 'M-071', 0, 0.00),

(194, 'M-022', 1, 15000.00),
(194, 'M-117', 1,  5000.00),

(195, 'M-009', 1, 18000.00),
(195, 'M-007', 1, 16000.00),

(196, 'M-121', 1, 25000.00),
(196, 'M-150', 1, 28000.00),

(197, 'M-059', 1, 15000.00),
(197, 'M-130', 0, 0.00),

(198, 'M-095', 1, 15000.00),
(198, 'M-096', 1, 14000.00),
(198, 'M-140', 1, 20000.00),
(198, 'M-094', 1, 12000.00),

(199, 'M-046', 1, 15000.00),
(199, 'M-126', 1, 13000.00),

(200, 'M-004', 1, 22000.00),
(200, 'M-005', 1, 15000.00),
(200, 'M-146', 1,  5000.00);
