-- Dummy Data Departemen
INSERT INTO Departemen (id_departemen, nama_departemen) VALUES
('DEP-001', 'Teknik Elektro'),
('DEP-002', 'Teknik Komputer'),
('DEP-003', 'Teknik Biomedik'),
('DEP-004', 'Teknik Informatika'),
('DEP-005', 'Sistem Informasi'),
('DEP-006', 'Teknologi Informasi'),
('DEP-007', 'Teknik Mesin'),
('DEP-008', 'Teknik Kimia'),
('DEP-009', 'Teknik Fisika'),
('DEP-010', 'Teknik Industri'),
('DEP-011', 'Teknik Material dan Metalurgi'),
('DEP-012', 'Teknik Pangan'),
('DEP-013', 'Teknik Sipil'),
('DEP-014', 'Arsitektur'),
('DEP-015', 'Teknik Lingkungan'),
('DEP-016', 'Perencanaan Wilayah dan Kota'),
('DEP-017', 'Teknik Geomatika'),
('DEP-018', 'Teknik Geofisika'),
('DEP-019', 'Teknik Perkapalan'),
('DEP-020', 'Teknik Sistem Perkapalan'),
('DEP-021', 'Teknik Kelautan'),
('DEP-022', 'Teknik Transportasi Laut'),
('DEP-023', 'Teknik Lepas Pantai'),
('DEP-024', 'Fisika'),
('DEP-025', 'Matematika'),
('DEP-026', 'Statistika'),
('DEP-027', 'Kimia'),
('DEP-028', 'Biologi'),
('DEP-029', 'Sains Aktuaria'),
('DEP-030', 'Sains Data'),
('DEP-031', 'Desain Produk Industri'),
('DEP-032', 'Desain Interior'),
('DEP-033', 'Desain Komunikasi Visual'),
('DEP-034', 'Manajemen Bisnis'),
('DEP-035', 'Studi Pembangunan'),
('DEP-036', 'Teknik Infrastruktur Sipil'),
('DEP-037', 'Teknik Mesin Industri'),
('DEP-038', 'Teknik Elektro Otomasi'),
('DEP-039', 'Teknik Kimia Industri'),
('DEP-040', 'Statistika Bisnis');

-- Dummy Data Kantin
INSERT INTO Kantin (id_kantin, nama_kantin, lokasi) VALUES
(1, 'Kantin TC', 'Departemen Teknik Informatika'),
(2, 'Kantin Pusat', 'Tower-1 ITS'),
(3, 'Kantin Mesin', 'Departemen Teknik Mesin'),
(4, 'Kantin Sipil', 'Departemen Teknik Sipil'),
(5, 'Kantin Elektro', 'Departemen Teknik Elektro'),
(6, 'Kantin Arsitektur', 'Departemen Arsitektur'),
(7, 'Kantin FSAD', 'Gedung Fakultas Sains dan Analitika Data'),
(8, 'Kantin Perpustakaan', 'Lantai Dasar Perpusat ITS'),
(9, 'Kantin Asrama Putra', 'Kompleks Asrama Mahasiswa ITS'),
(10, 'Kantin Asrama Putri', 'Kompleks Asrama Mahasiswa ITS'),
(11, 'Kantin Rektorat', 'Gedung Rektorat ITS Lantai 1'),
(12, 'Kantin Vokasi', 'Gedung Fakultas Vokasi ITS'),
(13, 'Kantin Perkapalan', 'Departemen Teknik Perkapalan'),
(14, 'Kantin Kelautan', 'Departemen Teknik Kelautan'),
(15, 'Kantin Industri', 'Departemen Teknik Industri'),
(16, 'Kantin Material', 'Departemen Teknik Material'),
(17, 'Kantin Kimia', 'Departemen Teknik Kimia'),
(18, 'Kantin Fisika', 'Departemen Teknik Fisika'),
(19, 'Kantin Lingkungan', 'Departemen Teknik Lingkungan'),
(20, 'Kantin PWK', 'Departemen Perencanaan Wilayah Kota'),
(21, 'Kantin Geomatika', 'Departemen Teknik Geomatika'),
(22, 'Kantin Manbis', 'Departemen Manajemen Bisnis'),
(23, 'Kantin Sistem Informasi', 'Departemen Sistem Informasi'),
(24, 'Kantin Teknik Biomedik', 'Departemen Teknik Biomedik'),
(25, 'Kantin Matematika', 'Departemen Matematika'),
(26, 'Kantin Statistika', 'Departemen Statistika'),
(27, 'Kantin Biologi', 'Departemen Biologi'),
(28, 'Kantin DKV', 'Gedung Desain Komunikasi Visual'),
(29, 'Kantin Desain Produk', 'Departemen Desain Produk'),
(30, 'Kantin Interior', 'Departemen Desain Interior'),
(31, 'Pujasera Bundaran ITS', 'Area Bundaran Utama ITS'),
(32, 'Food Court Fasum', 'Area Fasilitas Umum ITS'),
(33, 'Kantin Pascasarjana', 'Gedung Pascasarjana ITS'),
(34, 'Kantin SAC', 'Student Advisory Center ITS'),
(35, 'Kantin Robotika', 'Pusat Robotika ITS'),
(36, 'Kantin KPRI', 'Koperasi Karyawan ITS'),
(37, 'Kantin Research Center', 'Gedung Riset Center ITS'),
(38, 'Kantin SCC', 'Student Community Center ITS'),
(39, 'Kantin MMI', 'Area Masjid Manarul Ilmi ITS'),
(40, 'Kantin Medis / PLK', 'Pusat Layanan Kesehatan ITS');

-- Dummy Data Pelanggan (Mahasiswa & Staff)
INSERT INTO Pelanggan (id_pelanggan, nama, no_hp, email, password, id_departemen) VALUES
('CUST-001', 'Bella Ramadhan', '08523445264', 'bella.ramadhan@its.ac.id', 'bella123', 'DEP-024'),
('CUST-002', 'Eko Setiawan', '08129560434', 'eko.setiawan@its.ac.id', 'eko123', 'DEP-034'),
('CUST-003', 'Nisa Putri', '08579642769', 'nisa.putri@its.ac.id', 'nisa123', 'DEP-039'),
('CUST-004', 'Maya Wardana', '08138651841', 'maya.wardana@its.ac.id', 'maya123', 'DEP-036'),
('CUST-005', 'Bima Hidayat', '08129440956', 'bima.hidayat@its.ac.id', 'bima123', 'DEP-023'),
('CUST-006', 'Ayu Wahyuni', '08213725170', 'ayu.wahyuni@its.ac.id', 'ayu123', 'DEP-029'),
('CUST-007', 'Rudi Susanto', '08122190300', 'rudi.susanto@its.ac.id', 'rudi123', 'DEP-008'),
('CUST-008', 'Farhan Santoso', '08216248361', 'farhan.santoso@its.ac.id', 'farhan123', 'DEP-005'),
('CUST-009', 'Andi Siregar', '08968912848', 'andi.siregar@its.ac.id', 'andi123', 'DEP-010'),
('CUST-010', 'Dina Utami', '08128188115', 'dina.utami@its.ac.id', 'dina123', 'DEP-031'),
('CUST-011', 'Agus Ardiansyah', '08138576450', 'agus.ardiansyah@its.ac.id', 'agus123', 'DEP-035'),
('CUST-012', 'Yudi Baskoro', '08217646041', 'yudi.baskoro@its.ac.id', 'yudi123', 'DEP-030'),
('CUST-013', 'Fajar Riyadi', '08121172647', 'fajar.riyadi@its.ac.id', 'fajar123', 'DEP-032'),
('CUST-014', 'Aditya Pramono', '08139250725', 'aditya.pramono@its.ac.id', 'aditya123', 'DEP-016'),
('CUST-015', 'Bima Hakim', '08963126716', 'bima.hakim@its.ac.id', 'bima123', 'DEP-005'),
('CUST-016', 'Dewi Nasution', '08575099472', 'dewi.nasution@its.ac.id', 'dewi123', 'DEP-038'),
('CUST-017', 'Dian Siregar', '08132626332', 'dian.siregar@its.ac.id', 'dian123', 'DEP-019'),
('CUST-018', 'Dewi Setiawan', '08133694018', 'dewi.setiawan@its.ac.id', 'dewi123', 'DEP-025'),
('CUST-019', 'Reza Rahmawati', '08135509794', 'reza.rahmawati@its.ac.id', 'reza123', 'DEP-018'),
('CUST-020', 'Nisa Mahendra', '08966108035', 'nisa.mahendra@its.ac.id', 'nisa123', 'DEP-029'),
('CUST-021', 'Nur Indrawan', '08139006577', 'nur.indrawan@its.ac.id', 'nur123', 'DEP-018'),
('CUST-022', 'Wira Fajri', '08571648650', 'wira.fajri@its.ac.id', 'wira123', 'DEP-009'),
('CUST-023', 'Dimas Utami', '08216201734', 'dimas.utami@its.ac.id', 'dimas123', 'DEP-007'),
('CUST-024', 'Doni Fajri', '08525992493', 'doni.fajri@its.ac.id', 'doni123', 'DEP-002'),
('CUST-025', 'Nur Pramono', '08576864107', 'nur.pramono@its.ac.id', 'nur123', 'DEP-029'),
('CUST-026', 'Nita Wibowo', '08122317182', 'nita.wibowo@its.ac.id', 'nita123', 'DEP-018'),
('CUST-027', 'Eka Permana', '08211945225', 'eka.permana@its.ac.id', 'eka123', 'DEP-020'),
('CUST-028', 'Ayu Baskoro', '08216523891', 'ayu.baskoro@its.ac.id', 'ayu123', 'DEP-033'),
('CUST-029', 'Wira Nasution', '08123522245', 'wira.nasution@its.ac.id', 'wira123', 'DEP-039'),
('CUST-030', 'Dwi Haryanto', '08577121377', 'dwi.haryanto@its.ac.id', 'dwi123', 'DEP-010'),
('CUST-031', 'Irfan Haryanto', '08964545095', 'irfan.haryanto@its.ac.id', 'irfan123', 'DEP-006'),
('CUST-032', 'Aris Suryono', '08577770828', 'aris.suryono@its.ac.id', 'aris123', 'DEP-008'),
('CUST-033', 'Irfan Wijaya', '08132993217', 'irfan.wijaya@its.ac.id', 'irfan123', 'DEP-013'),
('CUST-034', 'Yudi Wardana', '08128186102', 'yudi.wardana@its.ac.id', 'yudi123', 'DEP-016'),
('CUST-035', 'Wira Siregar', '08135121406', 'wira.siregar@its.ac.id', 'wira123', 'DEP-002'),
('CUST-036', 'Arief Purnama', '08212670057', 'arief.purnama@its.ac.id', 'arief123', 'DEP-028'),
('CUST-037', 'Rini Gunawan', '08522652034', 'rini.gunawan@its.ac.id', 'rini123', 'DEP-008'),
('CUST-038', 'Eka Saputra', '08125939777', 'eka.saputra@its.ac.id', 'eka123', 'DEP-007'),
('CUST-039', 'Anisa Setiawan', '08571424498', 'anisa.setiawan@its.ac.id', 'anisa123', 'DEP-020'),
('CUST-040', 'Ayu Hidayat', '08577162799', 'ayu.hidayat@its.ac.id', 'ayu123', 'DEP-039');

-- Dummy Data Toko (Stand Kantin)
INSERT INTO Toko (id_toko, nama, waktu_buka, waktu_tutup, is_open, email, password, id_kantin) VALUES
(1, 'Kantin Bu Nunun', '08:30:00', '21:00:00', FALSE, 'kantinbununun@gmail.com', 'passkantinbunu123', 21),
(2, 'Warung Soto Cak Di', '07:00:00', '16:00:00', TRUE, 'warungsotocakdi@gmail.com', 'passwarungsoto123', 8),
(3, 'Penyetan Mas Bro', '07:30:00', '18:00:00', TRUE, 'penyetanmasbro@gmail.com', 'passpenyetanma123', 16),
(4, 'Geprek Sakti', '07:00:00', '17:00:00', TRUE, 'gepreksakti@gmail.com', 'passgepreksakt123', 21),
(5, 'Kedai Kopi Hits', '08:30:00', '21:00:00', TRUE, 'kedaikopihits@gmail.com', 'passkedaikopih123', 25),
(6, 'Warung Nasi Campur Bu Darmi', '08:00:00', '20:00:00', TRUE, 'warungnasicampurbuda@gmail.com', 'passwarungnasi123', 36),
(7, 'Bakso Solo Pak Kumis', '07:30:00', '21:00:00', TRUE, 'baksosolopakkumis@gmail.com', 'passbaksosolop123', 29),
(8, 'Mie Ayam Jakarta Berkah', '09:00:00', '18:00:00', TRUE, 'mieayamjakartaberkah@gmail.com', 'passmieayamjak123', 22),
(9, 'Kantin Kejujuran', '07:30:00', '16:00:00', TRUE, 'kantinkejujuran@gmail.com', 'passkantinkeju123', 17),
(10, 'Angkringan Mahasiswa', '08:30:00', '20:00:00', TRUE, 'angkringanmahasiswa@gmail.com', 'passangkringan123', 17),
(11, 'Warteg Bahari Segar', '07:30:00', '16:00:00', FALSE, 'wartegbaharisegar@gmail.com', 'passwartegbaha123', 40),
(12, 'Nasi Goreng Gila KW', '07:00:00', '18:00:00', TRUE, 'nasigorenggilakw@gmail.com', 'passnasigoreng123', 21),
(13, 'Depot Ayam Bakar Pak Joko', '08:30:00', '21:00:00', TRUE, 'depotayambakarpakjok@gmail.com', 'passdepotayamb123', 20),
(14, 'Kedai Jus Segar Fresh', '07:30:00', '18:00:00', FALSE, 'kedaijussegarfresh@gmail.com', 'passkedaijusse123', 1),
(15, 'Sate Madura Cak Rus', '08:30:00', '17:00:00', FALSE, 'satemaduracakrus@gmail.com', 'passsatemadura123', 24),
(16, 'Stand Camilan Kampus', '08:00:00', '17:00:00', TRUE, 'standcamilankampus@gmail.com', 'passstandcamil123', 29),
(17, 'Warung Bu Sri', '08:00:00', '18:00:00', TRUE, 'warungbusri@gmail.com', 'passwarungbusr123', 39),
(18, 'Pecel Madiun Bu Totok', '08:00:00', '17:00:00', TRUE, 'pecelmadiunbutotok@gmail.com', 'passpecelmadiu123', 6),
(19, 'Gado-Gado Bu Tari', '08:00:00', '20:00:00', TRUE, 'gadogadobutari@gmail.com', 'passgadogadobu123', 25),
(20, 'Kebab Baba Ali', '07:30:00', '20:00:00', TRUE, 'kebabbabaali@gmail.com', 'passkebabbabaa123', 5),
(21, 'Warung Kita All in One', '07:30:00', '16:00:00', FALSE, 'warungkitaallinone@gmail.com', 'passwarungkita123', 29),
(22, 'Soto Ayam Lamongan Asli', '08:30:00', '17:00:00', TRUE, 'sotoayamlamonganasli@gmail.com', 'passsotoayamla123', 27),
(23, 'Stand Makanan Sehat', '07:00:00', '20:00:00', TRUE, 'standmakanansehat@gmail.com', 'passstandmakan123', 7),
(24, 'Kedai Es Teh Solo', '07:30:00', '17:00:00', FALSE, 'kedaiestehsolo@gmail.com', 'passkedaiesteh123', 36),
(25, 'Ayam Geprek Pemuda', '07:00:00', '21:00:00', FALSE, 'ayamgeprekpemuda@gmail.com', 'passayamgeprek123', 4),
(26, 'Warkop Berkah Mulia', '07:30:00', '16:00:00', FALSE, 'warkopberkahmulia@gmail.com', 'passwarkopberk123', 18),
(27, 'Nasi Padang Murah Sakato', '08:30:00', '18:00:00', TRUE, 'nasipadangmurahsakat@gmail.com', 'passnasipadang123', 20),
(28, 'Bento Mahasiswa', '07:00:00', '20:00:00', TRUE, 'bentomahasiswa@gmail.com', 'passbentomahas123', 32),
(29, 'Bubur Ayam Bandung Kang Dani', '08:30:00', '18:00:00', FALSE, 'buburayambandungkang@gmail.com', 'passbuburayamb123', 6),
(30, 'Lontong Balap Cak Ji', '08:00:00', '18:00:00', TRUE, 'lontongbalapcakji@gmail.com', 'passlontongbal123', 10),
(31, 'Warung Makan Mbak Ani', '08:00:00', '16:00:00', FALSE, 'warungmakanmbakani@gmail.com', 'passwarungmaka123', 36),
(32, 'Penyetan Sambal Korek', '07:30:00', '17:00:00', TRUE, 'penyetansambalkorek@gmail.com', 'passpenyetansa123', 28),
(33, 'Kedai Ramen Murah', '07:00:00', '16:00:00', TRUE, 'kedairamenmurah@gmail.com', 'passkedairamen123', 34),
(34, 'Nasi Krawu Buk Tiban', '08:00:00', '18:00:00', TRUE, 'nasikrawubuktiban@gmail.com', 'passnasikrawub123', 20),
(35, 'Dapur Mama Sayang', '08:00:00', '16:00:00', FALSE, 'dapurmamasayang@gmail.com', 'passdapurmamas123', 36),
(36, 'Warung Makan Barokah', '07:30:00', '17:00:00', TRUE, 'warungmakanbarokah@gmail.com', 'passwarungmaka123', 27),
(37, 'Kedai Kopi Susu Mantap', '07:30:00', '18:00:00', TRUE, 'kedaikopisusumantap@gmail.com', 'passkedaikopis123', 15),
(38, 'Stand Batagor Bandung', '07:00:00', '17:00:00', TRUE, 'standbatagorbandung@gmail.com', 'passstandbatag123', 38),
(39, 'Siomay Khas Pasundan', '07:30:00', '16:00:00', TRUE, 'siomaykhaspasundan@gmail.com', 'passsiomaykhas123', 8),
(40, 'Warung Pecel Lele Cak Mat', '08:30:00', '18:00:00', TRUE, 'warungpecellelecakma@gmail.com', 'passwarungpece123', 34);

-- Dummy Data Menu
INSERT INTO Menu (id_menu, nama_menu, harga, stok, id_toko) VALUES
('M-001', 'Es Jeruk Nipis', 6000.00, 47, 101),
('M-002', 'Nasi Sayur Lodeh', 10000.00, 42, 101),
('M-003', 'Nasi Rames Daging', 18000.00, 18, 101),
('M-004', 'Soto Daging', 22000.00, 45, 102),
('M-005', 'Soto Ayam Campur', 15000.00, 23, 102),
('M-006', 'Es Jeruk Manis', 5000.00, 39, 102),
('M-007', 'Lele Goreng + Nasi', 16000.00, 33, 103),
('M-008', 'Es Teh Jumbo', 4000.00, 39, 103),
('M-009', 'Ayam Penyet + Nasi', 18000.00, 38, 103),
('M-010', 'Jamur Crispy', 8000.00, 49, 104),
('M-011', 'Ayam Geprek Level 1-5', 16000.00, 17, 104),
('M-012', 'Es Kosong', 2000.00, 33, 104),
('M-013', 'Mie Rebus Telur Kornet', 14000.00, 49, 105),
('M-014', 'Kopi Susu Gula Aren', 15000.00, 26, 105),
('M-015', 'Americano Ice', 12000.00, 43, 105),
('M-016', 'Pisang Goreng', 3000.00, 45, 106),
('M-017', 'Nasi Rames Ayam', 15000.00, 53, 106),
('M-018', 'Bakso Urat Campur', 16000.00, 39, 107),
('M-019', 'Kerupuk Putih', 2000.00, 31, 107),
('M-020', 'Bakso Beranak', 25000.00, 58, 108),
('M-021', 'Mie Ayam Pangsit', 14000.00, 58, 108),
('M-022', 'Nasi Rames Ayam', 15000.00, 46, 109),
('M-023', 'Nasi Sayur Lodeh', 10000.00, 15, 109),
('M-024', 'Nasi Rames Daging', 18000.00, 60, 110),
('M-025', 'Nasi Sayur Lodeh', 10000.00, 50, 110),
('M-026', 'Nasi Sayur Lodeh', 10000.00, 18, 111),
('M-027', 'Nasi Rames Ayam', 15000.00, 16, 111),
('M-028', 'Nasi Goreng Mawut', 17000.00, 59, 112),
('M-029', 'Telur Ceplok Dadar', 4000.00, 32, 112),
('M-030', 'Es Jeruk Nipis', 6000.00, 50, 113),
('M-031', 'Pisang Goreng', 3000.00, 59, 113),
('M-032', 'Es Teh Kampul', 5000.00, 44, 114),
('M-033', 'Es Lemon Tea', 6000.00, 24, 114),
('M-034', 'Jus Mangga Manis', 10000.00, 30, 114),
('M-035', 'Sate Ayam (10 Tusuk) + Nasi', 25000.00, 28, 115),
('M-036', 'Sate Kambing (10 Tusuk)', 35000.00, 20, 115),
('M-037', 'Nasi Rames Ayam', 15000.00, 37, 116),
('M-038', 'Nasi Rames Daging', 18000.00, 52, 116),
('M-039', 'Es Jeruk Nipis', 6000.00, 49, 116),
('M-040', 'Es Jeruk Nipis', 6000.00, 49, 117),
('M-041', 'Nasi Sayur Lodeh', 10000.00, 30, 117),
('M-042', 'Nasi Rames Daging', 18000.00, 18, 117),
('M-043', 'Telur Asin', 5000.00, 25, 118),
('M-044', 'Nasi Pecel Pincuk', 12000.00, 33, 118),
('M-045', 'Gado-Gado Lontong', 15000.00, 43, 118),
('M-046', 'Gado-Gado Lontong', 15000.00, 53, 119),
('M-047', 'Telur Asin', 5000.00, 55, 119),
('M-048', 'Nasi Pecel Pincuk', 12000.00, 23, 119),
('M-049', 'Kebab Daging Sapi', 18000.00, 41, 120),
('M-050', 'Kebab Ayam', 15000.00, 58, 120),
('M-051', 'Burger Crispy', 14000.00, 38, 120),
('M-052', 'Es Jeruk Nipis', 6000.00, 26, 121),
('M-053', 'Nasi Sayur Lodeh', 10000.00, 16, 121),
('M-054', 'Nasi Rames Daging', 18000.00, 24, 121),
('M-055', 'Soto Daging', 22000.00, 49, 122),
('M-056', 'Es Jeruk Manis', 5000.00, 18, 122),
('M-057', 'Soto Ayam Campur', 15000.00, 57, 122),
('M-058', 'Nasi Rames Daging', 18000.00, 56, 123),
('M-059', 'Nasi Rames Ayam', 15000.00, 55, 123),
('M-060', 'Es Jeruk Nipis', 6000.00, 30, 123),
('M-061', 'Es Lemon Tea', 6000.00, 28, 124),
('M-062', 'Es Teh Kampul', 5000.00, 34, 124),
('M-063', 'Ayam Geprek Level 1-5', 16000.00, 15, 125),
('M-064', 'Jamur Crispy', 8000.00, 48, 125),
('M-065', 'Ayam Geprek Keju', 20000.00, 34, 125),
('M-066', 'Roti Bakar Coklat Keju', 12000.00, 46, 126),
('M-067', 'Americano Ice', 12000.00, 48, 126),
('M-068', 'Nasi Telur Dadar', 13000.00, 44, 127),
('M-069', 'Nasi Ayam Sayur', 18000.00, 37, 127),
('M-070', 'Perkedel Kentang', 4000.00, 52, 127),
('M-071', 'Ramen Kuah Pedas', 22000.00, 33, 128),
('M-072', 'Chicken Katsu Curry', 25000.00, 16, 128),
('M-073', 'Ocha Dingin', 5000.00, 18, 128),
('M-074', 'Nasi Sayur Lodeh', 10000.00, 59, 129),
('M-075', 'Nasi Rames Daging', 18000.00, 53, 129),
('M-076', 'Nasi Rames Ayam', 15000.00, 50, 129),
('M-077', 'Pisang Goreng', 3000.00, 19, 130),
('M-078', 'Nasi Rames Ayam', 15000.00, 54, 130),
('M-079', 'Es Jeruk Nipis', 6000.00, 47, 131),
('M-080', 'Nasi Rames Ayam', 15000.00, 60, 131),
('M-081', 'Es Teh Jumbo', 4000.00, 32, 132),
('M-082', 'Ayam Penyet + Nasi', 18000.00, 42, 132),
('M-083', 'Tahu Tempe Penyet', 10000.00, 30, 132),
('M-084', 'Ebi Furai Bento', 28000.00, 25, 133),
('M-085', 'Ocha Dingin', 5000.00, 46, 133),
('M-086', 'Chicken Katsu Curry', 25000.00, 27, 133),
('M-087', 'Nasi Rames Ayam', 15000.00, 28, 134),
('M-088', 'Es Jeruk Nipis', 6000.00, 19, 134),
('M-089', 'Nasi Sayur Lodeh', 10000.00, 46, 135),
('M-090', 'Nasi Rames Ayam', 15000.00, 49, 135),
('M-091', 'Nasi Rames Daging', 18000.00, 25, 135),
('M-092', 'Nasi Rames Ayam', 15000.00, 49, 136),
('M-093', 'Nasi Sayur Lodeh', 10000.00, 59, 136),
('M-094', 'Americano Ice', 12000.00, 23, 137),
('M-095', 'Kopi Susu Gula Aren', 15000.00, 55, 137),
('M-096', 'Mie Rebus Telur Kornet', 14000.00, 39, 137),
('M-097', 'Tahu Bakso', 12000.00, 17, 138),
('M-098', 'Siomay Campur Bumbu Kacang', 15000.00, 33, 138),
('M-099', 'Batagor Kering', 15000.00, 54, 138),
('M-100', 'Batagor Kering', 15000.00, 58, 139),
('M-101', 'Siomay Campur Bumbu Kacang', 15000.00, 31, 139),
('M-102', 'Tahu Bakso', 12000.00, 36, 139),
('M-103', 'Lele Goreng + Nasi', 16000.00, 25, 140),
('M-104', 'Ayam Penyet + Nasi', 18000.00, 20, 140),
('M-105', 'Es Teh Jumbo', 4000.00, 30, 140);

-- Dummy Data Pesanan (Transaksi)
-- 1. Insert 100 Baris ke Tabel Pesanan
INSERT INTO Pesanan (id_pesanan, total_bayar, catatan, waktu_pesan, status_pesanan, metode_pembayaran, status_pembayaran, id_pelanggan, id_toko) VALUES
(1, 51000.00, 'Pedes banget ya', '2026-06-08 18:51:00', 'Selesai', 'Tunai', 'Lunas', 'P-2026-024', 118),
(2, 51000.00, 'Kuahnya dipisah', '2026-06-11 15:35:00', 'Selesai', 'Tunai', 'Lunas', 'P-2026-011', 112),
(3, 21000.00, 'Es nya dikit aja', '2026-06-11 16:04:00', 'Diproses', 'QRIS', 'Lunas', 'P-2026-008', 112),
(4, 45000.00, 'Jangan pakai bawang', '2026-06-12 16:05:00', 'Selesai', 'QRIS', 'Lunas', 'P-2026-038', 136),
(5, 16000.00, 'Jangan pakai bawang', '2026-06-12 15:03:00', 'Diproses', 'E-Wallet GoPay', 'Lunas', 'P-2026-021', 104),
(6, 45000.00, 'Dibungkus aja', '2026-06-09 09:00:00', 'Selesai', 'E-Wallet GoPay', 'Lunas', 'P-2026-002', 106),
(7, 16000.00, 'Makan sini', '2026-06-08 18:46:00', 'Diproses', 'E-Wallet ShopeePay', 'Lunas', 'P-2026-028', 107),
(8, 45000.00, 'Pedes banget ya', '2026-06-09 13:50:00', 'Selesai', 'QRIS', 'Lunas', 'P-2026-037', 122),
(9, 57000.00, '', '2026-06-09 15:19:00', 'Selesai', 'Transfer', 'Lunas', 'P-2026-019', 131),
(10, 57000.00, '', '2026-06-11 08:28:00', 'Diproses', 'QRIS', 'Lunas', 'P-2026-035', 116),
(11, 130000.00, '', '2026-06-09 17:03:00', 'Selesai', 'QRIS', 'Lunas', 'P-2026-003', 115),
(12, 48000.00, '', '2026-06-09 14:35:00', 'Diproses', 'QRIS', 'Lunas', 'P-2026-005', 104),
(13, 10000.00, 'Es nya dikit aja', '2026-06-10 18:02:00', 'Diproses', 'Transfer', 'Lunas', 'P-2026-019', 109),
(14, 78000.00, 'Pedes banget ya', '2026-06-10 13:55:00', 'Batal', 'Tunai', 'Dibatalkan', 'P-2026-002', 132),
(15, 26000.00, 'Makan sini', '2026-06-11 09:22:00', 'Diproses', 'Tunai', 'Belum Lunas', 'P-2026-002', 104),
(16, 63000.00, 'Dibungkus aja', '2026-06-13 14:50:00', 'Selesai', 'Tunai', 'Lunas', 'P-2026-036', 129),
(17, 67000.00, '', '2026-06-11 11:27:00', 'Selesai', 'Tunai', 'Lunas', 'P-2026-027', 137),
(18, 11000.00, 'Es nya dikit aja', '2026-06-10 12:38:00', 'Diproses', 'QRIS', 'Lunas', 'P-2026-030', 124),
(19, 15000.00, 'Makan sini', '2026-06-12 08:53:00', 'Selesai', 'Tunai', 'Lunas', 'P-2026-040', 116),
(20, 10000.00, 'Makan sini', '2026-06-13 18:15:00', 'Selesai', 'Tunai', 'Lunas', 'P-2026-035', 136),
(21, 30000.00, '', '2026-06-10 16:00:00', 'Diproses', 'QRIS', 'Lunas', 'P-2026-022', 131),
(22, 29000.00, '', '2026-06-09 09:00:00', 'Selesai', 'QRIS', 'Lunas', 'P-2026-015', 105),
(23, 84000.00, '', '2026-06-12 18:48:00', 'Selesai', 'QRIS', 'Lunas', 'P-2026-035', 135),
(24, 4000.00, 'Es nya dikit aja', '2026-06-13 17:28:00', 'Batal', 'QRIS', 'Dibatalkan', 'P-2026-038', 103),
(25, 42000.00, '', '2026-06-10 10:41:00', 'Selesai', 'QRIS', 'Lunas', 'P-2026-035', 116),
(26, 66000.00, 'Dibungkus aja', '2026-06-09 13:22:00', 'Diproses', 'Transfer', 'Lunas', 'P-2026-039', 110),
(27, 10000.00, '', '2026-06-11 14:56:00', 'Selesai', 'QRIS', 'Lunas', 'P-2026-037', 102),
(28, 24000.00, 'Dibungkus aja', '2026-06-11 12:19:00', 'Selesai', 'Tunai', 'Lunas', 'P-2026-038', 119),
(29, 38000.00, 'Pedes banget ya', '2026-06-12 18:08:00', 'Diproses', 'E-Wallet GoPay', 'Lunas', 'P-2026-015', 112),
(30, 35000.00, 'Es nya dikit aja', '2026-06-13 11:20:00', 'Selesai', 'Transfer', 'Lunas', 'P-2026-027', 109),
(31, 24000.00, 'Pedes banget ya', '2026-06-13 09:28:00', 'Batal', 'QRIS', 'Dibatalkan', 'P-2026-001', 126),
(32, 43000.00, 'Gak pakai pedas', '2026-06-09 10:00:00', 'Batal', 'Transfer', 'Dibatalkan', 'P-2026-024', 114),
(33, 65000.00, 'Es nya dikit aja', '2026-06-12 12:12:00', 'Diproses', 'E-Wallet ShopeePay', 'Lunas', 'P-2026-015', 127),
(34, 27000.00, 'Pedes banget ya', '2026-06-10 18:18:00', 'Diproses', 'Tunai', 'Lunas', 'P-2026-018', 105),
(35, 26000.00, '', '2026-06-09 09:55:00', 'Selesai', 'Tunai', 'Lunas', 'P-2026-040', 121),
(36, 14000.00, 'Es nya dikit aja', '2026-06-11 13:06:00', 'Selesai', 'QRIS', 'Lunas', 'P-2026-014', 137),
(37, 49000.00, 'Makan sini', '2026-06-11 11:50:00', 'Selesai', 'Tunai', 'Lunas', 'P-2026-009', 118),
(38, 54000.00, 'Makan sini', '2026-06-09 13:28:00', 'Batal', 'Tunai', 'Dibatalkan', 'P-2026-022', 127),
(39, 36000.00, 'Makan sini', '2026-06-12 08:15:00', 'Selesai', 'QRIS', 'Lunas', 'P-2026-039', 123),
(40, 36000.00, 'Kuahnya dipisah', '2026-06-08 10:31:00', 'Selesai', 'QRIS', 'Lunas', 'P-2026-036', 130),
(41, 36000.00, 'Es nya dikit aja', '2026-06-13 08:07:00', 'Selesai', 'Transfer', 'Lunas', 'P-2026-016', 134),
(42, 103000.00, 'Es nya dikit aja', '2026-06-12 10:47:00', 'Batal', 'E-Wallet ShopeePay', 'Dibatalkan', 'P-2026-040', 133),
(43, 20000.00, 'Pedes banget ya', '2026-06-09 08:03:00', 'Diproses', 'E-Wallet ShopeePay', 'Lunas', 'P-2026-010', 110),
(44, 18000.00, 'Jangan pakai bawang', '2026-06-09 16:48:00', 'Selesai', 'QRIS', 'Lunas', 'P-2026-022', 117),
(45, 12000.00, '', '2026-06-12 12:28:00', 'Selesai', 'Tunai', 'Lunas', 'P-2026-033', 112),
(46, 38000.00, '', '2026-06-11 14:08:00', 'Batal', 'E-Wallet ShopeePay', 'Dibatalkan', 'P-2026-007', 110),
(47, 25000.00, 'Dibungkus aja', '2026-06-12 13:29:00', 'Selesai', 'Tunai', 'Lunas', 'P-2026-015', 115),
(48, 94000.00, 'Es nya dikit aja', '2026-06-12 09:04:00', 'Selesai', 'Tunai', 'Lunas', 'P-2026-003', 122),
(49, 27000.00, 'Es nya dikit aja', '2026-06-08 16:35:00', 'Diproses', 'Transfer', 'Lunas', 'P-2026-038', 139),
(50, 5000.00, 'Jangan pakai bawang', '2026-06-13 12:15:00', 'Selesai', 'QRIS', 'Lunas', 'P-2026-010', 124);

-- Dummy Data Pesanan_Menu (Rincian Transaksi)
INSERT INTO Pesanan_Menu (id_pesanan, id_menu, quantity, sub_total) VALUES
(1, 'M-048', 1, 12000.00),
(1, 'M-046', 2, 30000.00),
(2, 'M-103', 1, 16000.00),
(3, 'M-044', 1, 12000.00),
(4, 'M-024', 3, 54000.00),
(5, 'M-003', 3, 54000.00),
(6, 'M-024', 3, 54000.00),
(7, 'M-095', 2, 30000.00),
(8, 'M-003', 2, 36000.00),
(8, 'M-001', 3, 18000.00),
(9, 'M-037', 2, 30000.00),
(10, 'M-037', 3, 45000.00),
(10, 'M-039', 3, 18000.00),
(11, 'M-102', 2, 24000.00),
(11, 'M-101', 2, 30000.00),
(11, 'M-100', 2, 30000.00),
(12, 'M-036', 2, 70000.00),
(13, 'M-075', 3, 54000.00),
(14, 'M-096', 1, 14000.00),
(14, 'M-095', 2, 30000.00),
(14, 'M-094', 3, 36000.00),
(15, 'M-049', 3, 54000.00),
(15, 'M-051', 1, 14000.00),
(16, 'M-083', 1, 10000.00),
(16, 'M-081', 2, 8000.00),
(17, 'M-063', 3, 48000.00),
(17, 'M-064', 1, 8000.00),
(17, 'M-065', 1, 20000.00),
(18, 'M-029', 2, 8000.00),
(18, 'M-028', 3, 51000.00),
(19, 'M-093', 2, 20000.00),
(20, 'M-034', 2, 20000.00),
(21, 'M-025', 2, 20000.00),
(22, 'M-083', 1, 10000.00),
(22, 'M-081', 3, 12000.00),
(23, 'M-060', 1, 6000.00),
(23, 'M-059', 2, 30000.00),
(24, 'M-060', 3, 18000.00),
(24, 'M-058', 2, 36000.00),
(25, 'M-030', 1, 6000.00),
(25, 'M-031', 3, 9000.00),
(26, 'M-079', 3, 18000.00),
(26, 'M-080', 3, 45000.00),
(27, 'M-053', 3, 30000.00),
(28, 'M-094', 3, 36000.00),
(28, 'M-096', 1, 14000.00),
(29, 'M-060', 3, 18000.00),
(29, 'M-059', 3, 45000.00),
(30, 'M-020', 1, 25000.00),
(30, 'M-021', 3, 42000.00),
(31, 'M-081', 2, 8000.00),
(32, 'M-007', 2, 32000.00),
(32, 'M-009', 1, 18000.00),
(33, 'M-092', 1, 15000.00),
(34, 'M-067', 1, 12000.00),
(34, 'M-066', 1, 12000.00),
(35, 'M-028', 2, 34000.00),
(36, 'M-063', 2, 32000.00),
(37, 'M-041', 1, 10000.00),
(37, 'M-040', 1, 6000.00),
(38, 'M-089', 3, 30000.00),
(38, 'M-091', 2, 36000.00),
(39, 'M-046', 3, 45000.00),
(40, 'M-067', 3, 36000.00),
(41, 'M-049', 2, 36000.00),
(41, 'M-050', 2, 30000.00),
(41, 'M-051', 3, 42000.00),
(42, 'M-048', 2, 24000.00),
(42, 'M-046', 1, 15000.00),
(43, 'M-059', 1, 15000.00),
(43, 'M-060', 2, 12000.00),
(44, 'M-099', 1, 15000.00),
(45, 'M-091', 1, 18000.00),
(45, 'M-090', 2, 30000.00),
(46, 'M-072', 1, 25000.00),
(46, 'M-071', 3, 66000.00),
(46, 'M-073', 2, 10000.00),
(47, 'M-021', 1, 14000.00),
(47, 'M-020', 2, 50000.00),
(48, 'M-089', 3, 30000.00),
(48, 'M-090', 1, 15000.00),
(48, 'M-091', 1, 18000.00),
(49, 'M-027', 3, 45000.00),
(50, 'M-077', 2, 6000.00),
(50, 'M-078', 2, 30000.00),
(51, 'M-077', 1, 3000.00),
(52, 'M-057', 2, 30000.00),
(53, 'M-025', 2, 20000.00),
(53, 'M-024', 2, 36000.00),
(54, 'M-038', 3, 54000.00),
(54, 'M-039', 3, 18000.00),
(55, 'M-079', 3, 18000.00),
(55, 'M-080', 2, 30000.00),
(56, 'M-017', 3, 45000.00),
(56, 'M-016', 1, 3000.00),
(57, 'M-019', 2, 4000.00),
(58, 'M-075', 3, 54000.00),
(58, 'M-074', 2, 20000.00),
(59, 'M-074', 1, 10000.00),
(59, 'M-075', 3, 54000.00),
(59, 'M-076', 1, 15000.00),
(60, 'M-011', 3, 48000.00),
(60, 'M-010', 1, 8000.00),
(60, 'M-012', 1, 2000.00),
(61, 'M-033', 3, 18000.00),
(61, 'M-034', 1, 10000.00),
(61, 'M-032', 1, 5000.00),
(62, 'M-067', 1, 12000.00),
(62, 'M-066', 3, 36000.00),
(63, 'M-076', 3, 45000.00),
(63, 'M-075', 2, 36000.00),
(64, 'M-081', 1, 4000.00),
(64, 'M-082', 3, 54000.00),
(65, 'M-029', 1, 4000.00),
(65, 'M-028', 2, 34000.00),
(66, 'M-001', 2, 12000.00),
(66, 'M-003', 2, 36000.00),
(67, 'M-034', 2, 20000.00),
(67, 'M-033', 2, 12000.00),
(67, 'M-032', 1, 5000.00),
(68, 'M-089', 1, 10000.00),
(69, 'M-027', 1, 15000.00),
(69, 'M-026', 2, 20000.00),
(70, 'M-100', 3, 45000.00),
(71, 'M-095', 1, 15000.00),
(71, 'M-094', 1, 12000.00),
(72, 'M-031', 1, 3000.00),
(73, 'M-034', 3, 30000.00),
(73, 'M-032', 1, 5000.00),
(74, 'M-055', 1, 22000.00),
(75, 'M-078', 3, 45000.00),
(76, 'M-036', 2, 70000.00),
(77, 'M-045', 3, 45000.00),
(78, 'M-041', 3, 30000.00),
(79, 'M-100', 1, 15000.00),
(79, 'M-102', 3, 36000.00),
(79, 'M-101', 3, 45000.00),
(80, 'M-048', 1, 12000.00),
(80, 'M-046', 2, 30000.00),
(80, 'M-047', 3, 15000.00),
(81, 'M-102', 3, 36000.00),
(81, 'M-101', 2, 30000.00),
(81, 'M-100', 2, 30000.00),
(82, 'M-069', 1, 18000.00),
(82, 'M-070', 3, 12000.00),
(82, 'M-068', 3, 39000.00),
(83, 'M-005', 2, 30000.00),
(83, 'M-004', 3, 66000.00),
(84, 'M-024', 3, 54000.00),
(84, 'M-025', 3, 30000.00),
(85, 'M-029', 3, 12000.00),
(85, 'M-028', 1, 17000.00),
(86, 'M-055', 3, 66000.00),
(86, 'M-056', 2, 10000.00),
(86, 'M-057', 2, 30000.00),
(87, 'M-006', 1, 5000.00),
(87, 'M-005', 3, 45000.00),
(87, 'M-004', 1, 22000.00),
(88, 'M-066', 3, 36000.00),
(89, 'M-072', 1, 25000.00),
(89, 'M-071', 1, 22000.00),
(89, 'M-073', 3, 15000.00),
(90, 'M-014', 2, 30000.00),
(90, 'M-015', 2, 24000.00),
(91, 'M-003', 2, 36000.00),
(91, 'M-001', 3, 18000.00),
(92, 'M-089', 2, 20000.00),
(92, 'M-090', 3, 45000.00),
(92, 'M-091', 2, 36000.00),
(93, 'M-001', 2, 12000.00),
(93, 'M-003', 3, 54000.00),
(93, 'M-002', 1, 10000.00),
(94, 'M-063', 1, 16000.00),
(94, 'M-064', 3, 24000.00),
(95, 'M-029', 2, 8000.00),
(96, 'M-080', 3, 45000.00),
(97, 'M-057', 3, 45000.00),
(97, 'M-056', 2, 10000.00),
(98, 'M-054', 1, 18000.00),
(98, 'M-053', 2, 20000.00),
(99, 'M-034', 3, 30000.00),
(99, 'M-032', 1, 5000.00),
(100, 'M-073', 2, 10000.00),
(100, 'M-071', 2, 44000.00);
